{
    "name": "ap-rm_portalgun:chess_world/chess_figures",
    "fallback": "minecraft:empty",
    "elements": [
        {
            "weight": 1,
            "element": {
                "location": "ap-rm_portalgun:chess_world/pawn_black",
                "processors": "minecraft:empty",
                "projection": "rigid",
                "element_type": "legacy_single_pool_element"
            }
        },
        {
            "weight": 1,
            "element": {
                "location": "ap-rm_portalgun:chess_world/pawn_white",
                "processors": "minecraft:empty",
                "projection": "rigid",
                "element_type": "legacy_single_pool_element"
            }
        }
    ]
}