{
  "function": "minecraft:set_nbt",
  "tag": "{Unbreakable: 1b, Damage: 0, HideFlags: 63, RMPortalGun: 1b, RMSkin: 2b, RMFuelLevel: 1b, RMActive: 0b, CustomModelData: 29, display: {Lore: ['[{\"translate\":\"item.alien-packs.rm_portalgun.portal_gun.description.portal_fluid\",\"color\":\"green\",\"italic\":false}]','[{\"text\":\"\"}]','[{\"translate\":\"item.alien-packs.rm_portalgun.portal_gun.description.info\",\"color\":\"gray\",\"italic\":false}]','[{\"text\":\"\uEff3\",\"font\":\"ap-rm_portalgun:icons\",\"color\":\"white\",\"italic\":false,\"bold\":false},{\"translate\":\"item.alien-packs.rm_portalgun.portal_gun.description.random\",\"italic\":false,\"color\":\"green\",\"bold\":true,\"font\":\"default\"}]']}}"
}
