{
  "feature": "ap-rm_portalgun:the_abyss/ore_coal_block_small",
  "placement": [
    {
      "type": "minecraft:count",
      "count": 10
    },
    {
      "type": "minecraft:in_square"
    },
    {
      "type": "minecraft:height_range",
      "height": {
        "type": "minecraft:uniform",
        "max_inclusive": {
          "absolute": 72
        },
        "min_inclusive": {
          "above_bottom": 0
        }
      }
    },
    {
      "type": "minecraft:biome"
    }
  ]
}