{
    "type": "minecraft:ore",
    "config": {
      "discard_chance_on_air_exposure": 0.5,
      "size": 9,
      "targets": [
        {
          "state": {
            "Name": "minecraft:yellow_stained_glass"
          },
          "target": {
            "predicate_type": "minecraft:tag_match",
            "tag": "ap-rm_portalgun:stained_glass_ore_replaceables"
          }
        },
        {
          "state": {
            "Name": "minecraft:yellow_stained_glass"
          },
          "target": {
            "predicate_type": "minecraft:tag_match",
            "tag": "ap-rm_portalgun:stained_glass_ore_replaceables"
          }
        }
      ]
    }
  }