{
  "pools": [
      {
          "rolls": {
              "min": 2,
              "max": 6
          },
          "entries": [
              {
                  "type": "item",
                  "weight": 5,
                  "name": "minecraft:diamond",
                  "functions": [
                      {
                          "function": "set_count",
                          "count": {
                              "min": 2,
                              "max": 7
                          }
                      }
                  ]
              },
              {
                  "type": "item",
                  "weight": 10,
                  "name": "minecraft:iron_ingot",
                  "functions": [
                      {
                          "function": "set_count",
                          "count": {
                              "min": 4,
                              "max": 8
                          }
                      }
                  ]
              },
              {
                  "type": "item",
                  "weight": 15,
                  "name": "minecraft:gold_ingot",
                  "functions": [
                      {
                          "function": "set_count",
                          "count": {
                              "min": 2,
                              "max": 7
                          }
                      }
                  ]
              },
              {
                  "type": "item",
                  "weight": 2,
                  "name": "minecraft:emerald",
                  "functions": [
                      {
                          "function": "set_count",
                          "count": {
                              "min": 2,
                              "max": 6
                          }
                      }
                  ]
              },
              {
                  "type": "item",
                  "weight": 5,
                  "name": "minecraft:beetroot_seeds",
                  "functions": [
                      {
                          "function": "set_count",
                          "count": {
                              "min": 1,
                              "max": 10
                          }
                      }
                  ]
              },
              {
                  "type": "item",
                  "weight": 3,
                  "name": "minecraft:saddle"
              },
              {
                  "type": "item",
                  "weight": 1,
                  "name": "minecraft:iron_horse_armor"
              },
              {
                  "type": "item",
                  "weight": 1,
                  "name": "minecraft:golden_horse_armor"
              },
              {
                  "type": "item",
                  "weight": 1,
                  "name": "minecraft:diamond_horse_armor"
              },
              {
                  "type": "item",
                  "weight": 3,
                  "name": "minecraft:diamond_sword",
                  "functions": [
                      {
                          "function": "enchant_with_levels",
                          "levels": {
                              "min": 20,
                              "max": 39
                          },
                          "treasure": true
                      }
                  ]
              },
              {
                  "type": "item",
                  "weight": 3,
                  "name": "minecraft:diamond_boots",
                  "functions": [
                      {
                          "function": "enchant_with_levels",
                          "levels": {
                              "min": 20,
                              "max": 39
                          },
                          "treasure": true
                      }
                  ]
              },
              {
                  "type": "item",
                  "weight": 3,
                  "name": "minecraft:diamond_chestplate",
                  "functions": [
                      {
                          "function": "enchant_with_levels",
                          "levels": {
                              "min": 20,
                              "max": 39
                          },
                          "treasure": true
                      }
                  ]
              },
              {
                  "type": "item",
                  "weight": 3,
                  "name": "minecraft:diamond_leggings",
                  "functions": [
                      {
                          "function": "enchant_with_levels",
                          "levels": {
                              "min": 20,
                              "max": 39
                          },
                          "treasure": true
                      }
                  ]
              },
              {
                  "type": "item",
                  "weight": 3,
                  "name": "minecraft:diamond_helmet",
                  "functions": [
                      {
                          "function": "enchant_with_levels",
                          "levels": {
                              "min": 20,
                              "max": 39
                          },
                          "treasure": true
                      }
                  ]
              },
              {
                  "type": "item",
                  "weight": 3,
                  "name": "minecraft:diamond_pickaxe",
                  "functions": [
                      {
                          "function": "enchant_with_levels",
                          "levels": {
                              "min": 20,
                              "max": 39
                          },
                          "treasure": true
                      }
                  ]
              },
              {
                  "type": "item",
                  "weight": 3,
                  "name": "minecraft:diamond_shovel",
                  "functions": [
                      {
                          "function": "enchant_with_levels",
                          "levels": {
                              "min": 20,
                              "max": 39
                          },
                          "treasure": true
                      }
                  ]
              },
              {
                  "type": "item",
                  "weight": 3,
                  "name": "minecraft:iron_sword",
                  "functions": [
                      {
                          "function": "enchant_with_levels",
                          "levels": {
                              "min": 20,
                              "max": 39
                          },
                          "treasure": true
                      }
                  ]
              },
              {
                  "type": "item",
                  "weight": 3,
                  "name": "minecraft:iron_boots",
                  "functions": [
                      {
                          "function": "enchant_with_levels",
                          "levels": {
                              "min": 20,
                              "max": 39
                          },
                          "treasure": true
                      }
                  ]
              },
              {
                  "type": "item",
                  "weight": 3,
                  "name": "minecraft:iron_chestplate",
                  "functions": [
                      {
                          "function": "enchant_with_levels",
                          "levels": {
                              "min": 20,
                              "max": 39
                          },
                          "treasure": true
                      }
                  ]
              },
              {
                  "type": "item",
                  "weight": 3,
                  "name": "minecraft:iron_leggings",
                  "functions": [
                      {
                          "function": "enchant_with_levels",
                          "levels": {
                              "min": 20,
                              "max": 39
                          },
                          "treasure": true
                      }
                  ]
              },
              {
                  "type": "item",
                  "weight": 3,
                  "name": "minecraft:iron_helmet",
                  "functions": [
                      {
                          "function": "enchant_with_levels",
                          "levels": {
                              "min": 20,
                              "max": 39
                          },
                          "treasure": true
                      }
                  ]
              },
              {
                  "type": "item",
                  "weight": 3,
                  "name": "minecraft:iron_pickaxe",
                  "functions": [
                      {
                          "function": "enchant_with_levels",
                          "levels": {
                              "min": 20,
                              "max": 39
                          },
                          "treasure": true
                      }
                  ]
              },
              {
                  "type": "item",
                  "weight": 3,
                  "name": "minecraft:iron_shovel",
                  "functions": [
                      {
                          "function": "enchant_with_levels",
                          "levels": {
                              "min": 20,
                              "max": 39
                          },
                          "treasure": true
                      }
                  ]
              }
          ]
      },
      {
          "rolls": 1,
          "entries": [
              {
                  "type": "loot_table",
                  "weight": 1,
                  "name": "ap-light_sabers:chests/end_city_treasure"
              },
              {
                  "type": "empty",
                  "weight": 4
              }
          ]
      }
  ]
}