{
  "pools": [
      {
          "rolls": {
              "min": 2,
              "max": 4
          },
          "entries": [
              {
                  "type": "item",
                  "weight": 5,
                  "name": "minecraft:diamond",
                  "functions": [
                      {
                          "function": "set_count",
                          "count": {
                              "min": 1,
                              "max": 3
                          }
                      }
                  ]
              },
              {
                  "type": "item",
                  "weight": 5,
                  "name": "minecraft:iron_ingot",
                  "functions": [
                      {
                          "function": "set_count",
                          "count": {
                              "min": 1,
                              "max": 5
                          }
                      }
                  ]
              },
              {
                  "type": "item",
                  "weight": 15,
                  "name": "minecraft:gold_ingot",
                  "functions": [
                      {
                          "function": "set_count",
                          "count": {
                              "min": 1,
                              "max": 3
                          }
                      }
                  ]
              },
              {
                  "type": "item",
                  "weight": 5,
                  "name": "minecraft:golden_sword"
              },
              {
                  "type": "item",
                  "weight": 5,
                  "name": "minecraft:golden_chestplate"
              },
              {
                  "type": "item",
                  "weight": 5,
                  "name": "minecraft:flint_and_steel"
              },
              {
                  "type": "item",
                  "weight": 5,
                  "name": "minecraft:nether_wart",
                  "functions": [
                      {
                          "function": "set_count",
                          "count": {
                              "min": 3,
                              "max": 7
                          }
                      }
                  ]
              },
              {
                  "type": "item",
                  "weight": 10,
                  "name": "minecraft:saddle"
              },
              {
                  "type": "item",
                  "weight": 8,
                  "name": "minecraft:golden_horse_armor"
              },
              {
                  "type": "item",
                  "weight": 5,
                  "name": "minecraft:iron_horse_armor"
              },
              {
                  "type": "item",
                  "weight": 3,
                  "name": "minecraft:diamond_horse_armor"
              },
              {
                  "type": "item",
                  "weight": 2,
                  "name": "minecraft:obsidian",
                  "functions": [
                      {
                          "function": "set_count",
                          "count": {
                              "min": 2,
                              "max": 4
                          }
                      }
                  ]
              }
          ]
      },
      {
          "rolls": 1,
          "entries": [
              {
                  "type": "loot_table",
                  "weight": 1,
                  "name": "ap-light_sabers:chests/nether_bridge"
              },
              {
                  "type": "empty",
                  "weight": 2
              }
          ]
      }
  ]
}