{
	"credit": "Made by Mr3DAlien",
	"textures": {
		"0": "ap-ls_lightsabers:item/light_saber/anakin_handle",
		"1": "ap-ls_lightsabers:item/light_saber/blue_blade_inside",
		"2": "ap-ls_lightsabers:item/light_saber/blue_blade_outside",
		"particle": "ap-ls_lightsabers:item/light_saber/anakin_handle"
	},
	"elements": [
		{
			"from": [6, -16, 6],
			"to": [10, -9, 10],
			"faces": {
				"north": {"uv": [0, 0, 4, 7], "texture": "#0"},
				"east": {"uv": [0, 0, 4, 7], "texture": "#0"},
				"south": {"uv": [0, 0, 4, 7], "texture": "#0"},
				"west": {"uv": [0, 0, 4, 7], "texture": "#0"},
				"up": {"uv": [4, 0, 8, 4], "texture": "#0"},
				"down": {"uv": [4, 0, 8, 4], "texture": "#0"}
			}
		},
		{
			"from": [6.5, -9, 6.5],
			"to": [9.5, -3, 9.5],
			"faces": {
				"north": {"uv": [0, 7, 3, 13], "texture": "#0"},
				"east": {"uv": [0, 7, 3, 13], "texture": "#0"},
				"south": {"uv": [0, 7, 3, 13], "texture": "#0"},
				"west": {"uv": [0, 7, 3, 13], "texture": "#0"},
				"up": {"uv": [0, 13, 3, 16], "texture": "#0"},
				"down": {"uv": [0, 13, 3, 16], "texture": "#0"}
			}
		},
		{
			"from": [6.5, -3, 8.5],
			"to": [9.5, -2, 9.5],
			"faces": {
				"north": {"uv": [0, 15, 3, 16], "texture": "#0"},
				"east": {"uv": [2, 15, 3, 16], "texture": "#0"},
				"south": {"uv": [0, 15, 3, 16], "texture": "#0"},
				"west": {"uv": [0, 15, 1, 16], "texture": "#0"},
				"up": {"uv": [0, 15, 3, 16], "texture": "#0"},
				"down": {"uv": [0, 15, 3, 16], "texture": "#0"}
			}
		},
		{
			"from": [6, -15, 5.5],
			"to": [7, -12, 6],
			"faces": {
				"north": {"uv": [8, 0, 9, 3], "texture": "#0"},
				"east": {"uv": [8, 0, 9, 3], "texture": "#0"},
				"south": {"uv": [8, 0, 9, 3], "texture": "#0"},
				"west": {"uv": [8, 0, 9, 3], "texture": "#0"},
				"up": {"uv": [8, 0, 9, 1], "texture": "#0"},
				"down": {"uv": [8, 2, 9, 3], "texture": "#0"}
			}
		},
		{
			"from": [7.5, -15, 5.5],
			"to": [8.5, -12, 6],
			"faces": {
				"north": {"uv": [8, 0, 9, 3], "texture": "#0"},
				"east": {"uv": [8, 0, 9, 3], "texture": "#0"},
				"south": {"uv": [8, 0, 9, 3], "texture": "#0"},
				"west": {"uv": [8, 0, 9, 3], "texture": "#0"},
				"up": {"uv": [8, 0, 9, 1], "texture": "#0"},
				"down": {"uv": [8, 2, 9, 3], "texture": "#0"}
			}
		},
		{
			"from": [9, -15, 5.5],
			"to": [10, -12, 6],
			"faces": {
				"north": {"uv": [8, 0, 9, 3], "texture": "#0"},
				"east": {"uv": [8, 0, 9, 3], "texture": "#0"},
				"south": {"uv": [8, 0, 9, 3], "texture": "#0"},
				"west": {"uv": [8, 0, 9, 3], "texture": "#0"},
				"up": {"uv": [8, 0, 9, 1], "texture": "#0"},
				"down": {"uv": [8, 2, 9, 3], "texture": "#0"}
			}
		},
		{
			"from": [10, -15, 6],
			"to": [10.5, -12, 7],
			"faces": {
				"north": {"uv": [9, 0, 8, 3], "texture": "#0"},
				"east": {"uv": [9, 0, 8, 3], "texture": "#0"},
				"south": {"uv": [9, 0, 8, 3], "texture": "#0"},
				"west": {"uv": [9, 0, 8, 3], "texture": "#0"},
				"up": {"uv": [9, 0, 8, 1], "texture": "#0"},
				"down": {"uv": [9, 2, 8, 3], "texture": "#0"}
			}
		},
		{
			"from": [10, -15, 7.5],
			"to": [10.5, -12, 8.5],
			"faces": {
				"north": {"uv": [8, 0, 9, 3], "texture": "#0"},
				"east": {"uv": [8, 0, 9, 3], "texture": "#0"},
				"south": {"uv": [8, 0, 9, 3], "texture": "#0"},
				"west": {"uv": [8, 0, 9, 3], "texture": "#0"},
				"up": {"uv": [8, 0, 9, 1], "texture": "#0"},
				"down": {"uv": [8, 2, 9, 3], "texture": "#0"}
			}
		},
		{
			"from": [5.5, -15, 7.5],
			"to": [6, -12, 8.5],
			"faces": {
				"north": {"uv": [8, 0, 9, 3], "texture": "#0"},
				"east": {"uv": [8, 0, 9, 3], "texture": "#0"},
				"south": {"uv": [8, 0, 9, 3], "texture": "#0"},
				"west": {"uv": [8, 0, 9, 3], "texture": "#0"},
				"up": {"uv": [8, 0, 9, 1], "texture": "#0"},
				"down": {"uv": [8, 2, 9, 3], "texture": "#0"}
			}
		},
		{
			"from": [10, -15, 9],
			"to": [10.5, -12, 10],
			"faces": {
				"north": {"uv": [8, 0, 9, 3], "texture": "#0"},
				"east": {"uv": [8, 0, 9, 3], "texture": "#0"},
				"south": {"uv": [8, 0, 9, 3], "texture": "#0"},
				"west": {"uv": [8, 0, 9, 3], "texture": "#0"},
				"up": {"uv": [8, 0, 9, 1], "texture": "#0"},
				"down": {"uv": [8, 2, 9, 3], "texture": "#0"}
			}
		},
		{
			"from": [7.5, -15, 10],
			"to": [8.5, -12, 10.5],
			"faces": {
				"north": {"uv": [8, 0, 9, 3], "texture": "#0"},
				"east": {"uv": [8, 0, 9, 3], "texture": "#0"},
				"south": {"uv": [8, 0, 9, 3], "texture": "#0"},
				"west": {"uv": [8, 0, 9, 3], "texture": "#0"},
				"up": {"uv": [8, 0, 9, 1], "texture": "#0"},
				"down": {"uv": [8, 2, 9, 3], "texture": "#0"}
			}
		},
		{
			"from": [6, -15, 10],
			"to": [7, -12, 10.5],
			"faces": {
				"north": {"uv": [8, 0, 9, 3], "texture": "#0"},
				"east": {"uv": [8, 0, 9, 3], "texture": "#0"},
				"south": {"uv": [8, 0, 9, 3], "texture": "#0"},
				"west": {"uv": [8, 0, 9, 3], "texture": "#0"},
				"up": {"uv": [8, 0, 9, 1], "texture": "#0"},
				"down": {"uv": [8, 2, 9, 3], "texture": "#0"}
			}
		},
		{
			"from": [9, -15, 10],
			"to": [10, -12, 10.5],
			"faces": {
				"north": {"uv": [8, 0, 9, 3], "texture": "#0"},
				"east": {"uv": [8, 0, 9, 3], "texture": "#0"},
				"south": {"uv": [8, 0, 9, 3], "texture": "#0"},
				"west": {"uv": [8, 0, 9, 3], "texture": "#0"},
				"up": {"uv": [8, 0, 9, 1], "texture": "#0"},
				"down": {"uv": [8, 2, 9, 3], "texture": "#0"}
			}
		},
		{
			"from": [5.5, -15, 9],
			"to": [6, -12, 10],
			"faces": {
				"north": {"uv": [8, 0, 9, 3], "texture": "#0"},
				"east": {"uv": [8, 0, 9, 3], "texture": "#0"},
				"south": {"uv": [8, 0, 9, 3], "texture": "#0"},
				"west": {"uv": [8, 0, 9, 3], "texture": "#0"},
				"up": {"uv": [8, 0, 9, 1], "texture": "#0"},
				"down": {"uv": [8, 2, 9, 3], "texture": "#0"}
			}
		},
		{
			"from": [5.5, -15, 6],
			"to": [6, -12, 7],
			"faces": {
				"north": {"uv": [8, 0, 9, 3], "texture": "#0"},
				"east": {"uv": [8, 0, 9, 3], "texture": "#0"},
				"south": {"uv": [8, 0, 9, 3], "texture": "#0"},
				"west": {"uv": [8, 0, 9, 3], "texture": "#0"},
				"up": {"uv": [8, 0, 9, 1], "texture": "#0"},
				"down": {"uv": [8, 2, 9, 3], "texture": "#0"}
			}
		},
		{
			"from": [7.5, -6, 9],
			"to": [8.5, -5, 10],
			"faces": {
				"north": {"uv": [4, 4, 5, 5], "texture": "#0"},
				"east": {"uv": [4, 4, 5, 5], "texture": "#0"},
				"south": {"uv": [4, 4, 5, 5], "texture": "#0"},
				"west": {"uv": [4, 4, 5, 5], "texture": "#0"},
				"up": {"uv": [4, 4, 5, 5], "texture": "#0"},
				"down": {"uv": [4, 4, 5, 5], "texture": "#0"}
			}
		},
		{
			"from": [7.5, -4, 9],
			"to": [8.5, -3, 11],
			"faces": {
				"north": {"uv": [5, 4, 6, 5], "texture": "#0"},
				"east": {"uv": [5, 4, 7, 5], "texture": "#0"},
				"south": {"uv": [6, 4, 7, 5], "texture": "#0"},
				"west": {"uv": [5, 4, 7, 5], "texture": "#0"},
				"up": {"uv": [5, 4, 7, 5], "texture": "#0"},
				"down": {"uv": [5, 4, 7, 5], "texture": "#0"}
			}
		},
		{
			"from": [10, -12, 7.5],
			"to": [10.75, -9, 8.5],
			"faces": {
				"north": {"uv": [9, 0, 10, 3], "texture": "#0"},
				"east": {"uv": [10, 0, 11, 3], "texture": "#0"},
				"south": {"uv": [9, 0, 10, 3], "texture": "#0"},
				"west": {"uv": [9, 0, 10, 3], "texture": "#0"},
				"up": {"uv": [9, 0, 10, 1], "texture": "#0"},
				"down": {"uv": [9, 2, 10, 3], "texture": "#0"}
			}
		},
		{
			"from": [7.5, -3, 7.5],
			"to": [8.5, 31, 8.5],
			"faces": {
				"north": {"uv": [0, 0, 1, 16], "texture": "#1"},
				"east": {"uv": [0, 0, 1, 16], "texture": "#1"},
				"south": {"uv": [0, 0, 1, 16], "texture": "#1"},
				"west": {"uv": [0, 0, 1, 16], "texture": "#1"},
				"up": {"uv": [0, 0, 1, 1], "texture": "#1"},
				"down": {"uv": [0, 15, 1, 16], "texture": "#1"}
			}
		},
		{
			"from": [6.75, -3, 6.75],
			"to": [9.25, 32, 9.25],
			"faces": {
				"north": {"uv": [0, 0, 2.5, 16], "texture": "#2"},
				"east": {"uv": [0, 0, 2.5, 16], "texture": "#2"},
				"south": {"uv": [0, 0, 2.5, 16], "texture": "#2"},
				"west": {"uv": [0, 0, 2.5, 16], "texture": "#2"},
				"up": {"uv": [3, 0, 5.5, 3], "texture": "#2"},
				"down": {"uv": [3, 0, 5.5, 3], "texture": "#2"}
			}
		}
	],
	"display": {
		"thirdperson_righthand": {
			"translation": [0, 9.75, 1.5],
			"scale": [0.5, 0.5, 0.5]
		},
		"thirdperson_lefthand": {
			"translation": [0, 9.75, 1.5],
			"scale": [0.5, 0.5, 0.5]
		},
		"firstperson_righthand": {
			"rotation": [-7.76, -13.86, 3.86],
			"translation": [-0.5, 8.75, 1],
			"scale": [0.5, 0.5, 0.5]
		},
		"firstperson_lefthand": {
			"rotation": [-7.76, -13.86, 3.86],
			"translation": [-0.5, 8.75, 1],
			"scale": [0.5, 0.5, 0.5]
		},
		"ground": {
			"rotation": [45, 0, 0],
			"translation": [0, 3, 0],
			"scale": [0.25, 0.25, 0.25]
		},
		"gui": {
			"rotation": [-38.07, -14.39, -44.92],
			"scale": [0.4, 0.4, 0.4]
		},
		"fixed": {
			"rotation": [180, 0, 180],
			"translation": [0, -0.25, -0.5],
			"scale": [0.35, 0.35, 0.35]
		}
	},
	"groups": [
		{
			"name": "Handle",
			"origin": [8, 8, 8],
			"color": 0,
			"children": [0, 1, 2, 3, 4, 5, 6, 7, 8, 9, 10, 11, 12, 13, 14, 15, 16, 17]
		},
		18,
		19
	]
}