[
    {
      "condition": "minecraft:entity_properties",
      "entity": "this",
      "predicate": {
        "type": "minecraft:player",
        "equipment": {
          "mainhand": {
            "items": [
              "minecraft:air"
            ]
          }
        }
      }
    },
    {
      "condition": "minecraft:entity_properties",
      "entity": "this",
      "predicate": {
        "type": "minecraft:player",
        "flags": {
          "is_sneaking": false
        },
        "equipment": {
          "offhand": {
            "items": [
              "minecraft:warped_fungus_on_a_stick"
            ],
            "count": 1,
            "nbt": "{LightSaber:0}"
          }
        }
      }
    },
    {
      "condition": "minecraft:entity_scores",
      "entity": "this",
      "scores": {
        "ap-saber_click": {
          "min": 1
        }
      }
    }
  ]
  