{
  "function": "minecraft:set_nbt",
  "tag": "{Unbreakable: 1b, Damage: 0, HideFlags: 63, RMPortalGun: 2b, RMSkin: 1b, RMFuelLevel: 1b, CustomModelData: 23, display: {Lore: ['[{\"translate\":\"item.alien-packs.rm_portalgun.laser_gun.description.laser_fluid\",\"color\":\"dark_purple\",\"italic\":false}]','[{\"text\":\"\"}]','[{\"translate\":\"item.alien-packs.rm_portalgun.laser_gun.description.info\",\"color\":\"gray\",\"italic\":false}]','[{\"text\":\"\uEff6\",\"font\":\"ap-rm_portalgun:icons\",\"color\":\"white\",\"italic\":false,\"bold\":false},{\"translate\":\"effect.minecraft.instant_damage\",\"italic\":false,\"color\":\"red\",\"bold\":true,\"font\":\"default\"},{\"text\":\" \",\"font\":\"minecraft:default\"},{\"translate\":\"potion.potency.2\",\"italic\":false,\"color\":\"red\",\"bold\":true,\"font\":\"default\"}]']}}"
}
