{
  "display": {
    "icon": {
      "item": "minecraft:diamond_sword",
      "nbt": "{CustomModelData:16}"
    },
    "title": {
      "translate": "advancements.alien-packs.rm_portalgun.broken_portal_gun.title"
    },
    "description": {
      "translate": "advancements.alien-packs.rm_portalgun.broken_portal_gun.description"
    },
    "frame": "task",
    "show_toast": true,
    "announce_to_chat": false,
    "hidden": false
  },
  "parent": "ap-rm_portalgun:root",
  "criteria": {
    "broken_toy": {
      "trigger": "minecraft:inventory_changed",
      "conditions": {
        "items": [
          {
            "items": [
              "minecraft:diamond_sword"
            ],
            "nbt": "{CustomModelData:16}"
          }
        ]
      }
    }
  },
  "requirements": [
    [
      "broken_toy"
    ]
  ]
}
