{
  "display": {
    "icon": {
      "item": "minecraft:shears",
      "nbt": "{CustomModelData:7}"
    },
    "title": {
      "translate": "advancements.alien-packs.rm_portalgun.fortune_mining_gun.title"
    },
    "description": {
      "translate": "advancements.alien-packs.rm_portalgun.fortune_mining_gun.description"
    },
    "frame": "task",
    "show_toast": true,
    "announce_to_chat": false,
    "hidden": false
  },
  "parent": "ap-rm_portalgun:portal_gun/fill_mining_gun",
  "criteria": {
    "fortune_mining_gun": {
      "trigger": "minecraft:inventory_changed",
      "conditions": {
        "items": [
          {
            "items": [
              "minecraft:warped_fungus_on_a_stick"
            ],
            "nbt": "{RMPortalGun:3b,RMActive:0b}"
          }
        ]
      }
    }
  },
  "requirements": [
    [
      "fortune_mining_gun"
    ]
  ]
}
