{
  "display": {
    "icon": {
      "item": "minecraft:warped_fungus_on_a_stick",
      "nbt": "{CustomModelData:13}"
    },
    "title": {
      "translate": "advancements.alien-packs.rm_portalgun.repair_portal_gun.title"
    },
    "description": {
      "translate": "advancements.alien-packs.rm_portalgun.repair_portal_gun.description"
    },
    "frame": "task",
    "show_toast": true,
    "announce_to_chat": false,
    "hidden": false
  },
  "parent": "ap-rm_portalgun:portal_gun/get_advanced_machinery",
  "criteria": {
    "repair_portal_gun": {
      "trigger": "minecraft:inventory_changed",
      "conditions": {
        "items": [
          {
            "items": [
              "minecraft:warped_fungus_on_a_stick"
            ],
            "nbt": "{CustomModelData:13}"
          }
        ]
      }
    }
  },
  "requirements": [
    [
      "repair_portal_gun"
    ]
  ]
}
