{
    "display": {
      "icon": {
        "item": "minecraft:jukebox"
      },
      "title": {
        "translate": "advancements.alien-packs.cj_customjukebox.root.title"
      },
      "description": {
        "translate": "advancements.alien-packs.cj_customjukebox.root.description"
      },
      "frame": "task",
      "show_toast": false,
      "announce_to_chat": false,
      "hidden": false,
      "background": "minecraft:textures/block/note_block.png"
    },
    "criteria": {
      "crafting_table": {
        "trigger": "minecraft:inventory_changed",
        "conditions": {
          "items": [
            {
              "items": [
                "minecraft:crafting_table"
              ]
            }
          ]
        }
      }
    },
    "requirements": [
      [
        "crafting_table"
      ]
    ]
  }