{
    "parent": "alien-packs:tutorial/root",
    "display": {
      "icon": {
        "item": "minecraft:diamond_hoe",
        "nbt": "{CustomModelData:1}"
      },
      "title": {
        "translate": "advancements.alien-packs.rm_portalgun.tutorial.root.title"
      },
      "description": {
        "translate": "advancements.alien-packs.rm_portalgun.tutorial.root.description"
      },
      "frame": "task",
      "show_toast": true,
      "announce_to_chat": false,
      "hidden": false
    },
    "criteria": {
      "crafting_table": {
        "trigger": "minecraft:inventory_changed",
        "conditions": {
          "items": [
            {
              "items": [
                "minecraft:crafting_table"
              ]
            }
          ]
        }
      }
    },
    "requirements": [
      [
        "crafting_table"
      ]
    ]
  }