{
  "pools": [
      {
          "rolls": {
              "min": 2,
              "max": 4
          },
          "entries": [
              {
                  "type": "item",
                  "weight": 5,
                  "name": "minecraft:diamond",
                  "functions": [
                      {
                          "function": "set_count",
                          "count": {
                              "min": 1,
                              "max": 3
                          }
                      }
                  ]
              },
              {
                  "type": "item",
                  "weight": 15,
                  "name": "minecraft:iron_ingot",
                  "functions": [
                      {
                          "function": "set_count",
                          "count": {
                              "min": 1,
                              "max": 5
                          }
                      }
                  ]
              },
              {
                  "type": "item",
                  "weight": 15,
                  "name": "minecraft:gold_ingot",
                  "functions": [
                      {
                          "function": "set_count",
                          "count": {
                              "min": 2,
                              "max": 7
                          }
                      }
                  ]
              },
              {
                  "type": "item",
                  "weight": 15,
                  "name": "minecraft:emerald",
                  "functions": [
                      {
                          "function": "set_count",
                          "count": {
                              "min": 1,
                              "max": 3
                          }
                      }
                  ]
              },
              {
                  "type": "item",
                  "weight": 25,
                  "name": "minecraft:bone",
                  "functions": [
                      {
                          "function": "set_count",
                          "count": {
                              "min": 4,
                              "max": 6
                          }
                      }
                  ]
              },
              {
                  "type": "item",
                  "weight": 25,
                  "name": "minecraft:spider_eye",
                  "functions": [
                      {
                          "function": "set_count",
                          "count": {
                              "min": 1,
                              "max": 3
                          }
                      }
                  ]
              },
              {
                  "type": "item",
                  "weight": 25,
                  "name": "minecraft:rotten_flesh",
                  "functions": [
                      {
                          "function": "set_count",
                          "count": {
                              "min": 3,
                              "max": 7
                          }
                      }
                  ]
              },
              {
                  "type": "item",
                  "weight": 20,
                  "name": "minecraft:saddle"
              },
              {
                  "type": "item",
                  "weight": 15,
                  "name": "minecraft:iron_horse_armor"
              },
              {
                  "type": "item",
                  "weight": 10,
                  "name": "minecraft:golden_horse_armor"
              },
              {
                  "type": "item",
                  "weight": 5,
                  "name": "minecraft:diamond_horse_armor"
              },
              {
                  "type": "item",
                  "weight": 20,
                  "name": "minecraft:book",
                  "functions": [
                      {
                          "function": "enchant_randomly"
                      }
                  ]
              },
              {
                  "type": "item",
                  "weight": 20,
                  "name": "minecraft:golden_apple"
              },
              {
                  "type": "item",
                  "weight": 2,
                  "name": "minecraft:enchanted_golden_apple"
              },
              {
                  "type": "empty",
                  "weight": 15
              }
          ]
      },
      {
          "rolls": 4,
          "entries": [
              {
                  "type": "item",
                  "weight": 10,
                  "name": "minecraft:bone",
                  "functions": [
                      {
                          "function": "set_count",
                          "count": {
                              "min": 1,
                              "max": 8
                          }
                      }
                  ]
              },
              {
                  "type": "item",
                  "weight": 10,
                  "name": "minecraft:gunpowder",
                  "functions": [
                      {
                          "function": "set_count",
                          "count": {
                              "min": 1,
                              "max": 8
                          }
                      }
                  ]
              },
              {
                  "type": "item",
                  "weight": 10,
                  "name": "minecraft:rotten_flesh",
                  "functions": [
                      {
                          "function": "set_count",
                          "count": {
                              "min": 1,
                              "max": 8
                          }
                      }
                  ]
              },
              {
                  "type": "item",
                  "weight": 10,
                  "name": "minecraft:string",
                  "functions": [
                      {
                          "function": "set_count",
                          "count": {
                              "min": 1,
                              "max": 8
                          }
                      }
                  ]
              },
              {
                  "type": "item",
                  "weight": 10,
                  "name": "minecraft:sand",
                  "functions": [
                      {
                          "function": "set_count",
                          "count": {
                              "min": 1,
                              "max": 8
                          }
                      }
                  ]
              }
          ]
      },
      {
          "rolls": 1,
          "entries": [
              {
                  "type": "loot_table",
                  "weight": 1,
                  "name": "ap-light_sabers:chests/desert_pyramid"
              },
              {
                  "type": "empty",
                  "weight": 1
              }
          ]
      }
  ]
}