{
	"credit": "Made by Lucuma & Mr3DAlien using Blockbench",
	"texture_size": [64, 64],
	"textures": {
		"0": "ap-rm_portalgun:block/liquid_filler",
		"1": "ap-rm_portalgun:block/liquid_filler_computer",
		"2": "ap-rm_portalgun:block/liquid_filler_components",
		"3": "ap-rm_portalgun:block/liquid_filler_fluid",
		"particle": "ap-rm_portalgun:block/liquid_filler"
	},
	"elements": [
		{
			"from": [-14, -11, -0.5],
			"to": [0, -5, 0],
			"faces": {
				"north": {"uv": [8, 7, 11.5, 8.5], "texture": "#2"},
				"east": {"uv": [7.75, 9.25, 8, 10.75], "texture": "#2"},
				"south": {"uv": [8.25, 4.5, 11.75, 6], "texture": "#2"},
				"west": {"uv": [4.5, 10.5, 4.75, 12], "texture": "#2"},
				"up": {"uv": [13.25, 11.25, 9.75, 11], "texture": "#2"},
				"down": {"uv": [14.75, 0, 11.25, 0.25], "texture": "#2"}
			}
		},
		{
			"from": [-16, -16, 0],
			"to": [32, 0, 32],
			"rotation": {"angle": 0, "axis": "y", "origin": [-10, 0, 5]},
			"faces": {
				"north": {"uv": [0, 0, 16, 8], "texture": "#0"},
				"east": {"uv": [0.33333, 0, 12.33333, 8], "texture": "#0"},
				"south": {"uv": [0, 8, 16, 16], "texture": "#0"},
				"west": {"uv": [0.33333, 0, 12.33333, 8], "texture": "#0"},
				"up": {"uv": [0, 0, 16, 16], "texture": "#0"},
				"down": {"uv": [0, 0, 16, 16], "texture": "#0"}
			}
		},
		{
			"from": [16, 0, 16],
			"to": [32, 16, 32],
			"faces": {
				"north": {"uv": [0.33333, 0, 5.66667, 8], "texture": "#0"},
				"east": {"uv": [0.33333, 0, 5.66667, 8], "texture": "#0"},
				"south": {"uv": [0.33333, 0, 5.66667, 8], "texture": "#0"},
				"west": {"uv": [0.33333, 0, 5.66667, 8], "texture": "#0"},
				"up": {"uv": [0.33333, 0, 5.66667, 8], "texture": "#0"},
				"down": {"uv": [0.33333, 0, 5.66667, 8], "texture": "#0"}
			}
		},
		{
			"from": [0, 0, 16],
			"to": [16, 16, 32],
			"faces": {
				"north": {"uv": [0.33333, 0, 5.66667, 8], "texture": "#0"},
				"east": {"uv": [0.33333, 0, 5.66667, 8], "texture": "#0"},
				"south": {"uv": [0.33333, 0, 5.66667, 8], "texture": "#0"},
				"west": {"uv": [0.33333, 0, 5.66667, 8], "texture": "#0"},
				"up": {"uv": [0.33333, 0, 5.66667, 8], "texture": "#0"},
				"down": {"uv": [0.33333, 0, 5.66667, 8], "texture": "#0"}
			}
		},
		{
			"from": [-6, 0, 20],
			"to": [-4, 11, 23],
			"rotation": {"angle": 0, "axis": "y", "origin": [-10, 0, 24]},
			"faces": {
				"north": {"uv": [8, 0, 9, 8], "rotation": 180, "texture": "#1"},
				"east": {"uv": [8, 0, 9.5, 8], "texture": "#1"},
				"south": {"uv": [8.5, 0, 9.5, 8], "rotation": 180, "texture": "#1"},
				"west": {"uv": [8, 0, 9.5, 8], "texture": "#1"},
				"up": {"uv": [8, 0, 9.5, 1], "texture": "#1"},
				"down": {"uv": [8, 7, 9.5, 8], "texture": "#1"}
			}
		},
		{
			"from": [-8, 0, 14],
			"to": [-6, 1, 28],
			"rotation": {"angle": 0, "axis": "y", "origin": [-10, 0, 24]},
			"faces": {
				"north": {"uv": [10, 0, 11, 0.5], "rotation": 180, "texture": "#1"},
				"east": {"uv": [10.5, 0, 11, 14], "rotation": 90, "texture": "#1"},
				"south": {"uv": [10, 13.5, 11, 14], "texture": "#1"},
				"west": {"uv": [10, 0, 10.5, 14], "rotation": 90, "texture": "#1"},
				"up": {"uv": [10, 0, 11, 14], "texture": "#1"},
				"down": {"uv": [10, 0, 11, 14], "texture": "#1"}
			}
		},
		{
			"from": [-5, 9, 20.1],
			"to": [17, 10.9, 22.9],
			"rotation": {"angle": 0, "axis": "y", "origin": [-10, 0, 24]},
			"faces": {
				"north": {"uv": [8, 0, 9, 11], "rotation": 90, "texture": "#1"},
				"east": {"uv": [8, 0, 9.5, 1], "texture": "#1"},
				"south": {"uv": [8.5, 0, 9.5, 11], "rotation": 270, "texture": "#1"},
				"west": {"uv": [8, 0, 9.5, 1], "texture": "#1"},
				"up": {"uv": [8, 0, 9.5, 11], "rotation": 90, "texture": "#1"},
				"down": {"uv": [8, 0, 9.5, 11], "rotation": 90, "texture": "#1"}
			}
		},
		{
			"from": [-4, 13, 25.1],
			"to": [18, 14.9, 27.9],
			"rotation": {"angle": 0, "axis": "y", "origin": [-10, 0, 24]},
			"faces": {
				"north": {"uv": [10, 0, 11, 11], "rotation": 90, "texture": "#1"},
				"east": {"uv": [10, 0, 11.5, 1], "texture": "#1"},
				"south": {"uv": [10.5, 0, 11.5, 11], "rotation": 270, "texture": "#1"},
				"west": {"uv": [10, 0, 11.5, 1], "texture": "#1"},
				"up": {"uv": [10, 0, 11.5, 11], "rotation": 90, "texture": "#1"},
				"down": {"uv": [10, 0, 11.5, 11], "rotation": 90, "texture": "#1"}
			}
		},
		{
			"from": [-6, 0, 25],
			"to": [-4, 15, 28],
			"rotation": {"angle": 0, "axis": "y", "origin": [-10, 0, 24]},
			"faces": {
				"north": {"uv": [10, 0, 11, 8], "rotation": 180, "texture": "#1"},
				"east": {"uv": [10, 0, 11.5, 8], "texture": "#1"},
				"south": {"uv": [10.5, 0, 11.5, 8], "rotation": 180, "texture": "#1"},
				"west": {"uv": [10, 0, 11.5, 8], "texture": "#1"},
				"up": {"uv": [10, 0, 11.5, 1], "texture": "#1"},
				"down": {"uv": [10, 7, 11.5, 8], "texture": "#1"}
			}
		},
		{
			"from": [20, 16, 20],
			"to": [28, 32, 32],
			"faces": {
				"north": {"uv": [0.33333, 0, 3, 8], "texture": "#0"},
				"east": {"uv": [0.33333, 0, 4.33333, 8], "texture": "#0"},
				"south": {"uv": [0.33333, 0, 3, 8], "texture": "#0"},
				"west": {"uv": [0.33333, 0, 4.33333, 8], "texture": "#0"},
				"up": {"uv": [0.33333, 0, 3, 6], "texture": "#0"},
				"down": {"uv": [0.33333, 0, 3, 4], "texture": "#0"}
			}
		},
		{
			"from": [2.5, 0, 3.75],
			"to": [13.5, 1, 8.75],
			"rotation": {"angle": 0, "axis": "y", "origin": [-0.5, 0, -1.25]},
			"faces": {
				"north": {"uv": [0, 5.5, 5.5, 6], "texture": "#1"},
				"east": {"uv": [0, 5.5, 0.5, 8.5], "texture": "#1"},
				"south": {"uv": [0, 8, 5.5, 8.5], "texture": "#1"},
				"west": {"uv": [5, 5.5, 5.5, 8.5], "texture": "#1"},
				"up": {"uv": [0, 5.5, 5.5, 8.5], "texture": "#1"},
				"down": {"uv": [0, 5.5, 5.5, 8.5], "texture": "#1"}
			}
		},
		{
			"from": [4.25, 0, 10.75],
			"to": [11.25, 1, 11.75],
			"rotation": {"angle": 0, "axis": "y", "origin": [-0.5, 0, -1.25]},
			"faces": {
				"north": {"uv": [2, 4.5, 5, 5], "texture": "#1"},
				"east": {"uv": [2, 4.5, 2.5, 5], "texture": "#1"},
				"south": {"uv": [2, 4.5, 5, 5], "texture": "#1"},
				"west": {"uv": [4.5, 4.5, 5, 5], "texture": "#1"},
				"up": {"uv": [2, 4.5, 5, 5], "texture": "#1"},
				"down": {"uv": [2, 4.5, 5, 5], "texture": "#1"}
			}
		},
		{
			"from": [6.75, 1, 10.75],
			"to": [8.75, 2, 11.75],
			"rotation": {"angle": 0, "axis": "y", "origin": [-0.5, 0, -1.25]},
			"faces": {
				"north": {"uv": [3, 4, 4, 4.5], "texture": "#1"},
				"east": {"uv": [3, 4, 3.5, 4.5], "texture": "#1"},
				"south": {"uv": [3, 4, 4, 4.5], "texture": "#1"},
				"west": {"uv": [3.5, 4, 4, 4.5], "texture": "#1"},
				"up": {"uv": [3, 4, 4, 4.5], "texture": "#1"},
				"down": {"uv": [3, 4, 4, 4.5], "texture": "#1"}
			}
		},
		{
			"from": [0.75, 2, 10.75],
			"to": [14.75, 10, 11.75],
			"rotation": {"angle": 0, "axis": "y", "origin": [-9.5, 0, 5.75]},
			"faces": {
				"north": {"uv": [0, 0, 7, 4], "texture": "#1"},
				"east": {"uv": [6.5, 0, 7, 4], "texture": "#1"},
				"south": {"uv": [0, 0, 7, 4], "texture": "#1"},
				"west": {"uv": [0, 0, 0.5, 4], "texture": "#1"},
				"up": {"uv": [0, 0, 7, 0.5], "texture": "#1"},
				"down": {"uv": [0, 3.5, 7, 4], "texture": "#1"}
			}
		},
		{
			"from": [-2.08658, 0, 4.1306],
			"to": [-0.08658, 1, 7.1306],
			"rotation": {"angle": 22.5, "axis": "y", "origin": [-0.5, 0, 3.75]},
			"faces": {
				"north": {"uv": [6, 7.5, 7, 8], "texture": "#1"},
				"east": {"uv": [6, 6.5, 6.5, 8], "texture": "#1"},
				"south": {"uv": [6, 6.5, 7, 7], "texture": "#1"},
				"west": {"uv": [6.5, 6.5, 7, 8], "texture": "#1"},
				"up": {"uv": [6, 6.5, 7, 8], "texture": "#1"},
				"down": {"uv": [6, 6.5, 7, 8], "texture": "#1"}
			}
		},
		{
			"from": [16, -12, 0],
			"to": [31.99, 0, 22.625],
			"rotation": {"angle": -45, "axis": "x", "origin": [24, 0, 0]},
			"faces": {
				"north": {"uv": [0, 0, 5.3333, 8], "texture": "#0"},
				"east": {"uv": [0, 0, 5.3333, 8], "texture": "#0"},
				"south": {"uv": [0, 0, 5.3333, 8], "texture": "#0"},
				"west": {"uv": [0, 0, 5.3333, 8], "texture": "#0"},
				"up": {"uv": [0, 0, 5.3333, 8], "texture": "#0"},
				"down": {"uv": [0, 0, 5.3333, 8], "texture": "#0"}
			}
		},
		{
			"from": [-12, 0, 2],
			"to": [-10, 0.8, 4],
			"rotation": {"angle": 0, "axis": "y", "origin": [-10, 0, 5]},
			"faces": {
				"north": {"uv": [13, 2, 14, 2.5], "rotation": 180, "texture": "#1"},
				"east": {"uv": [13, 2.5, 14, 3], "rotation": 180, "texture": "#1"},
				"south": {"uv": [13, 2.5, 14, 3], "texture": "#1"},
				"west": {"uv": [13, 2, 14, 2.5], "texture": "#1"},
				"up": {"uv": [13, 2, 14, 3], "texture": "#1"},
				"down": {"uv": [13, 2, 14, 3], "texture": "#1"}
			}
		},
		{
			"from": [-9, 0, 2],
			"to": [-8, 0.8, 4],
			"rotation": {"angle": 0, "axis": "y", "origin": [-10, 0, 5]},
			"faces": {
				"north": {"uv": [12, 2, 12.5, 2.5], "texture": "#1"},
				"east": {"uv": [12, 2, 12.5, 3], "texture": "#1"},
				"south": {"uv": [12, 2.5, 12.5, 3], "texture": "#1"},
				"west": {"uv": [12, 2, 12.5, 3], "texture": "#1"},
				"up": {"uv": [12, 2, 12.5, 3], "texture": "#1"},
				"down": {"uv": [12, 2, 12.5, 3], "texture": "#1"}
			}
		},
		{
			"from": [-9, 0, 5],
			"to": [-8, 0.8, 6],
			"rotation": {"angle": 0, "axis": "y", "origin": [-10, 0, 5]},
			"faces": {
				"north": {"uv": [12, 1, 12.5, 1.5], "texture": "#1"},
				"east": {"uv": [12, 1, 12.5, 1.5], "texture": "#1"},
				"south": {"uv": [12, 1, 12.5, 1.5], "texture": "#1"},
				"west": {"uv": [12, 1, 12.5, 1.5], "texture": "#1"},
				"up": {"uv": [12, 1, 12.5, 1.5], "texture": "#1"},
				"down": {"uv": [12, 1, 12.5, 1.5], "texture": "#1"}
			}
		},
		{
			"from": [-11, 0, 5],
			"to": [-10, 0.8, 6],
			"rotation": {"angle": 0, "axis": "y", "origin": [-10, 0, 5]},
			"faces": {
				"north": {"uv": [13, 1, 13.5, 1.5], "texture": "#1"},
				"east": {"uv": [13, 1, 13.5, 1.5], "texture": "#1"},
				"south": {"uv": [13, 1, 13.5, 1.5], "texture": "#1"},
				"west": {"uv": [13, 1, 13.5, 1.5], "texture": "#1"},
				"up": {"uv": [13, 1, 13.5, 1.5], "texture": "#1"},
				"down": {"uv": [13, 1, 13.5, 1.5], "texture": "#1"}
			}
		},
		{
			"from": [-11, 0, 7],
			"to": [-10, 0.8, 8],
			"rotation": {"angle": 0, "axis": "y", "origin": [-10, 0, 5]},
			"faces": {
				"north": {"uv": [13, 0, 13.5, 0.5], "texture": "#1"},
				"east": {"uv": [13, 0, 13.5, 0.5], "texture": "#1"},
				"south": {"uv": [13, 0, 13.5, 0.5], "texture": "#1"},
				"west": {"uv": [13, 0, 13.5, 0.5], "texture": "#1"},
				"up": {"uv": [13, 0, 13.5, 0.5], "texture": "#1"},
				"down": {"uv": [13, 0, 13.5, 0.5], "texture": "#1"}
			}
		},
		{
			"from": [-9, 0, 7],
			"to": [-8, 0.8, 8],
			"rotation": {"angle": 0, "axis": "y", "origin": [-10, 0, 5]},
			"faces": {
				"north": {"uv": [12, 0, 12.5, 0.5], "texture": "#1"},
				"east": {"uv": [12, 0, 12.5, 0.5], "texture": "#1"},
				"south": {"uv": [12, 0, 12.5, 0.5], "texture": "#1"},
				"west": {"uv": [12, 0, 12.5, 0.5], "texture": "#1"},
				"up": {"uv": [12, 0, 12.5, 0.5], "texture": "#1"},
				"down": {"uv": [12, 0, 12.5, 0.5], "texture": "#1"}
			}
		},
		{
			"from": [-12, 0, 13],
			"to": [-10, 3, 15],
			"faces": {
				"north": {"uv": [12, 4, 13, 5.5], "texture": "#1"},
				"east": {"uv": [12, 4, 13, 5.5], "texture": "#1"},
				"south": {"uv": [12, 4, 13, 5.5], "texture": "#1"},
				"west": {"uv": [12, 4, 13, 5.5], "texture": "#1"},
				"up": {"uv": [12, 4.5, 13, 5.5], "texture": "#1"},
				"down": {"uv": [12, 4.5, 13, 5.5], "texture": "#1"}
			}
		},
		{
			"from": [-10, 0, 14],
			"to": [-8, 1, 15],
			"faces": {
				"north": {"uv": [10, 0, 10.5, 1], "rotation": 90, "texture": "#1"},
				"east": {"uv": [10, 0, 10.5, 0.5], "rotation": 90, "texture": "#1"},
				"south": {"uv": [10, 0, 10.5, 1], "rotation": 90, "texture": "#1"},
				"west": {"uv": [10, 0, 10.5, 0.5], "rotation": 90, "texture": "#1"},
				"up": {"uv": [10, 0, 10.5, 1], "rotation": 90, "texture": "#1"},
				"down": {"uv": [10, 0, 10.5, 1], "rotation": 90, "texture": "#1"}
			}
		},
		{
			"from": [-10, 0, 17],
			"to": [-8, 1, 18],
			"faces": {
				"north": {"uv": [10, 0, 10.5, 1], "rotation": 90, "texture": "#1"},
				"east": {"uv": [10, 0, 10.5, 0.5], "rotation": 90, "texture": "#1"},
				"south": {"uv": [10, 0, 10.5, 1], "rotation": 90, "texture": "#1"},
				"west": {"uv": [10, 0, 10.5, 0.5], "rotation": 90, "texture": "#1"},
				"up": {"uv": [10, 0, 10.5, 1], "rotation": 90, "texture": "#1"},
				"down": {"uv": [10, 0, 10.5, 1], "rotation": 90, "texture": "#1"}
			}
		},
		{
			"from": [-12, 0, 16],
			"to": [-10, 4, 18],
			"faces": {
				"north": {"uv": [13.5, 3.5, 14.5, 5.5], "texture": "#1"},
				"east": {"uv": [13.5, 3.5, 14.5, 5.5], "texture": "#1"},
				"south": {"uv": [13.5, 3.5, 14.5, 5.5], "texture": "#1"},
				"west": {"uv": [13.5, 3.5, 14.5, 5.5], "texture": "#1"},
				"up": {"uv": [13.5, 3.5, 14.5, 4.5], "texture": "#1"},
				"down": {"uv": [13.5, 3.5, 14.5, 4.5], "texture": "#1"}
			}
		},
		{
			"from": [-12, 0, 19],
			"to": [-10, 2, 20],
			"faces": {
				"north": {"uv": [12, 3.5, 13, 4.5], "texture": "#1"},
				"east": {"uv": [12, 3.5, 12.5, 4.5], "texture": "#1"},
				"south": {"uv": [12, 3.5, 13, 4.5], "texture": "#1"},
				"west": {"uv": [12, 3.5, 12.5, 4.5], "texture": "#1"},
				"up": {"uv": [12, 3.5, 13, 4], "texture": "#1"},
				"down": {"uv": [12, 3.5, 13, 4], "texture": "#1"}
			}
		},
		{
			"from": [-12, 0, 20],
			"to": [-10, 1, 21],
			"faces": {
				"north": {"uv": [12, 2, 12.5, 3], "texture": "#1"},
				"east": {"uv": [12, 2, 12.5, 3], "texture": "#1"},
				"south": {"uv": [12, 2, 12.5, 3], "texture": "#1"},
				"west": {"uv": [12, 2, 12.5, 3], "texture": "#1"},
				"up": {"uv": [12, 2, 12.5, 3], "texture": "#1"},
				"down": {"uv": [12, 2, 12.5, 3], "texture": "#1"}
			}
		},
		{
			"from": [2, -14, -1],
			"to": [14, -2, 0],
			"faces": {
				"north": {"uv": [0, 10, 6, 16], "texture": "#1"},
				"east": {"uv": [0, 10, 0.5, 16], "texture": "#1"},
				"south": {"uv": [0, 10, 6, 16], "texture": "#1"},
				"west": {"uv": [5.5, 10, 6, 16], "texture": "#1"},
				"up": {"uv": [0, 10, 6, 10.5], "texture": "#1"},
				"down": {"uv": [0, 15.5, 6, 16], "texture": "#1"}
			}
		},
		{
			"from": [18.5, 4, 4],
			"to": [29.5, 9, 13],
			"rotation": {"angle": 0, "axis": "y", "origin": [24, 0, -10]},
			"faces": {
				"north": {"uv": [9.25, 2.25, 12, 3.5], "texture": "#2"},
				"east": {"uv": [10, 8.5, 12.25, 9.75], "texture": "#2"},
				"south": {"uv": [2.5, 9.25, 5.25, 10.5], "texture": "#2"},
				"west": {"uv": [10, 9.75, 12.25, 11], "texture": "#2"},
				"up": {"uv": [5.25, 9.25, 2.5, 7], "texture": "#2"},
				"down": {"uv": [8, 7, 5.25, 9.25], "texture": "#2"}
			}
		},
		{
			"from": [-13, -0.5, 1],
			"to": [-7, 0.5, 9],
			"rotation": {"angle": 0, "axis": "y", "origin": [-10, 0, 5]},
			"faces": {
				"north": {"uv": [4.75, 11.25, 6.25, 11.5], "texture": "#2"},
				"east": {"uv": [11.25, 1.75, 13.25, 2], "texture": "#2"},
				"south": {"uv": [11.25, 6, 12.75, 6.25], "texture": "#2"},
				"west": {"uv": [11.25, 2, 13.25, 2.25], "texture": "#2"},
				"up": {"uv": [6.75, 11.25, 5.25, 9.25], "texture": "#2"},
				"down": {"uv": [1.5, 9.5, 0, 11.5], "texture": "#2"}
			}
		},
		{
			"from": [2, 16, 19],
			"to": [12, 17, 29],
			"rotation": {"angle": 0, "axis": "y", "origin": [7, 16, 23]},
			"faces": {
				"north": {"uv": [11.25, 0.75, 13.75, 1], "texture": "#2"},
				"east": {"uv": [11.25, 1, 13.75, 1.25], "texture": "#2"},
				"south": {"uv": [11.25, 1.25, 13.75, 1.5], "texture": "#2"},
				"west": {"uv": [11.25, 1.5, 13.75, 1.75], "texture": "#2"},
				"up": {"uv": [8.25, 7, 5.75, 4.5], "texture": "#2"},
				"down": {"uv": [2.5, 7, 0, 9.5], "texture": "#2"}
			}
		},
		{
			"from": [2, 10, 15.75],
			"to": [14, 14, 16],
			"faces": {
				"north": {"uv": [8.25, 6, 11.25, 7], "texture": "#2"},
				"east": {"uv": [6.25, 11.25, 6.5, 12.25], "texture": "#2"},
				"south": {"uv": [9.25, 3.5, 12.25, 4.5], "texture": "#2"},
				"west": {"uv": [6.5, 11.25, 6.75, 12.25], "texture": "#2"},
				"up": {"uv": [14.25, 0.5, 11.25, 0.25], "texture": "#2"},
				"down": {"uv": [14.25, 0.5, 11.25, 0.75], "texture": "#2"}
			}
		},
		{
			"from": [17, -15.9, -5],
			"to": [31, -2, 4],
			"faces": {
				"north": {"uv": [0, 0, 3.5, 3.5], "texture": "#2"},
				"east": {"uv": [3.5, 0, 5.75, 3.5], "texture": "#2"},
				"south": {"uv": [0, 3.5, 3.5, 7], "texture": "#2"},
				"west": {"uv": [3.5, 3.5, 5.75, 7], "texture": "#2"},
				"up": {"uv": [9.25, 2.25, 5.75, 0], "texture": "#2"},
				"down": {"uv": [9.25, 2.25, 5.75, 4.5], "texture": "#2"}
			}
		},
		{
			"from": [20, -14, -4],
			"to": [28, -5, 0],
			"faces": {
				"north": {"uv": [4, 4, 12, 12], "texture": "#3"},
				"east": {"uv": [0, 4, 4, 12], "texture": "#3"},
				"south": {"uv": [4, 4, 12, 12], "texture": "#3"},
				"west": {"uv": [12, 4, 16, 12], "texture": "#3"},
				"up": {"uv": [4, 0, 12, 4], "texture": "#3"},
				"down": {"uv": [4, 12, 12, 16], "texture": "#3"}
			}
		}
	],
	"display": {
		"thirdperson_righthand": {
			"rotation": [63, 8, 0],
			"translation": [39.5, 2.5, 10.5],
			"scale": [1.09, 1.06, 1.01]
		},
		"thirdperson_lefthand": {
			"rotation": [75, 45, 0],
			"translation": [0, 2.5, 1.5],
			"scale": [0.1, 0.1, 0.1]
		},
		"firstperson_righthand": {
			"rotation": [0, 45, 0],
			"translation": [-0.5, 4.75, 0],
			"scale": [0.2, 0.2, 0.2]
		},
		"firstperson_lefthand": {
			"rotation": [0, 45, 0],
			"translation": [-0.5, 4.75, 0],
			"scale": [0.2, 0.2, 0.2]
		},
		"ground": {
			"translation": [0, 3, 0],
			"scale": [0.25, 0.25, 0.25]
		},
		"gui": {
			"rotation": [30, 225, 0],
			"translation": [1.5, 0.75, 0],
			"scale": [0.2, 0.2, 0.2]
		},
		"fixed": {
			"translation": [-0.019, 32.01, -16.019],
			"scale": [2.001, 2.001, 2.001]
		}
	},
	"groups": [
		{
			"name": "Computer",
			"origin": [8, 8, 8],
			"color": 0,
			"children": [0, 1, 2, 3, 4, 5, 6, 7, 8, 9, 10, 11, 12, 13, 14, 15, 16, 17, 18, 19, 20, 21, 22, 23, 24, 25, 26, 27, 28, 29, 30, 31, 32, 33, 34]
		}
	]
}