{
  "display": {
    "icon": {
      "item": "minecraft:music_disc_11",
      "nbt": "{CustomModelData:11}"
    },
    "title": {
      "translate": "advancements.alien-packs.cj_customjukebox.rm_portalgun.get_the_source.title"
    },
    "description": {
      "translate": "advancements.alien-packs.cj_customjukebox.rm_portalgun.get_the_source.description"
    },
    "frame": "task",
    "show_toast": true,
    "announce_to_chat": true,
    "hidden": false
  },
  "parent": "ap-cj_customjukebox:rm_portalgun/get_the_bliss_of_the_past",
  "criteria": {
    "get_the_source": {
      "trigger": "minecraft:inventory_changed",
      "conditions": {
        "items": [
          {
            "items": [
              "minecraft:music_disc_11"
            ],
            "nbt": "{CJDisc:11b}"
          }
        ]
      }
    }
  },
  "requirements": [
    [
      "get_the_source"
    ]
  ]
}
