{
	"credit": "Made by Mr3DAlien using Blockbench",
	"texture_size": [64, 64],
	"textures": {
		"0": "ap-rm_portalgun:item/ricks_hair",
		"particle": "ap-rm_portalgun:item/ricks_hair"
	},
	"elements": [
		{
			"from": [0, 2, 9],
			"to": [1, 4, 10],
			"faces": {
				"north": {"uv": [4.5, 6.25, 4.75, 6.75], "texture": "#0"},
				"east": {"uv": [4.75, 7.5, 5, 8], "texture": "#0"},
				"south": {"uv": [5, 7.5, 5.25, 8], "texture": "#0"},
				"west": {"uv": [7.5, 5, 7.75, 5.5], "texture": "#0"},
				"up": {"uv": [5.75, 3.5, 5.5, 3.25], "texture": "#0"},
				"down": {"uv": [5.75, 6, 5.5, 6.25], "texture": "#0"}
			}
		},
		{
			"from": [3, 1, 7],
			"to": [13, 9, 10],
			"faces": {
				"north": {"uv": [0, 0, 2.5, 2], "texture": "#0"},
				"east": {"uv": [2.5, 1.5, 3.25, 3.5], "texture": "#0"},
				"south": {"uv": [0, 2, 2.5, 4], "texture": "#0"},
				"west": {"uv": [3.25, 1.5, 4, 3.5], "texture": "#0"},
				"up": {"uv": [5, 0.75, 2.5, 0], "texture": "#0"},
				"down": {"uv": [5, 0.75, 2.5, 1.5], "texture": "#0"}
			}
		},
		{
			"from": [3, 9, 8],
			"to": [6, 12, 10],
			"faces": {
				"north": {"uv": [3.25, 5.5, 4, 6.25], "texture": "#0"},
				"east": {"uv": [6.5, 4, 7, 4.75], "texture": "#0"},
				"south": {"uv": [4, 5.5, 4.75, 6.25], "texture": "#0"},
				"west": {"uv": [6.5, 4.75, 7, 5.5], "texture": "#0"},
				"up": {"uv": [7.25, 6, 6.5, 5.5], "texture": "#0"},
				"down": {"uv": [7.25, 6, 6.5, 6.5], "texture": "#0"}
			}
		},
		{
			"from": [10, 9, 8],
			"to": [13, 12, 10],
			"faces": {
				"north": {"uv": [5.75, 0, 6.5, 0.75], "texture": "#0"},
				"east": {"uv": [6.5, 6.5, 7, 7.25], "texture": "#0"},
				"south": {"uv": [5.75, 3.25, 6.5, 4], "texture": "#0"},
				"west": {"uv": [0, 6.75, 0.5, 7.5], "texture": "#0"},
				"up": {"uv": [1.25, 7.25, 0.5, 6.75], "texture": "#0"},
				"down": {"uv": [2, 6.75, 1.25, 7.25], "texture": "#0"}
			}
		},
		{
			"from": [12, 12, 9],
			"to": [13, 14, 10],
			"faces": {
				"north": {"uv": [5.25, 7.5, 5.5, 8], "texture": "#0"},
				"east": {"uv": [5.5, 7.5, 5.75, 8], "texture": "#0"},
				"south": {"uv": [7.5, 5.5, 7.75, 6], "texture": "#0"},
				"west": {"uv": [5.75, 7.5, 6, 8], "texture": "#0"},
				"up": {"uv": [6.5, 2.5, 6.25, 2.25], "texture": "#0"},
				"down": {"uv": [7.75, 3, 7.5, 3.25], "texture": "#0"}
			}
		},
		{
			"from": [3, 12, 9],
			"to": [4, 14, 10],
			"faces": {
				"north": {"uv": [6, 7.5, 6.25, 8], "texture": "#0"},
				"east": {"uv": [6.25, 7.5, 6.5, 8], "texture": "#0"},
				"south": {"uv": [7.5, 6.5, 7.75, 7], "texture": "#0"},
				"west": {"uv": [7.5, 7, 7.75, 7.5], "texture": "#0"},
				"up": {"uv": [7.75, 6.25, 7.5, 6], "texture": "#0"},
				"down": {"uv": [8, 2.25, 7.75, 2.5], "texture": "#0"}
			}
		},
		{
			"from": [13, 5, 9],
			"to": [16, 8, 12],
			"faces": {
				"north": {"uv": [5.75, 4, 6.5, 4.75], "texture": "#0"},
				"east": {"uv": [5.75, 4.75, 6.5, 5.5], "texture": "#0"},
				"south": {"uv": [5.75, 5.5, 6.5, 6.25], "texture": "#0"},
				"west": {"uv": [0, 6, 0.75, 6.75], "texture": "#0"},
				"up": {"uv": [1.5, 6.75, 0.75, 6], "texture": "#0"},
				"down": {"uv": [2.25, 6, 1.5, 6.75], "texture": "#0"}
			}
		},
		{
			"from": [13, 1, 9],
			"to": [15, 4, 11],
			"faces": {
				"north": {"uv": [4.5, 6.75, 5, 7.5], "texture": "#0"},
				"east": {"uv": [5, 6.75, 5.5, 7.5], "texture": "#0"},
				"south": {"uv": [5.5, 6.75, 6, 7.5], "texture": "#0"},
				"west": {"uv": [6, 6.75, 6.5, 7.5], "texture": "#0"},
				"up": {"uv": [6.25, 1.25, 5.75, 0.75], "texture": "#0"},
				"down": {"uv": [4.25, 7, 3.75, 7.5], "texture": "#0"}
			}
		},
		{
			"from": [15, 2, 9],
			"to": [16, 4, 10],
			"faces": {
				"north": {"uv": [7.5, 7.5, 7.75, 8], "texture": "#0"},
				"east": {"uv": [7.75, 0.75, 8, 1.25], "texture": "#0"},
				"south": {"uv": [7.75, 1.25, 8, 1.75], "texture": "#0"},
				"west": {"uv": [7.75, 1.75, 8, 2.25], "texture": "#0"},
				"up": {"uv": [8, 2.75, 7.75, 2.5], "texture": "#0"},
				"down": {"uv": [8, 2.75, 7.75, 3], "texture": "#0"}
			}
		},
		{
			"from": [16, 6, 10],
			"to": [17, 9, 11],
			"faces": {
				"north": {"uv": [7.25, 5.5, 7.5, 6.25], "texture": "#0"},
				"east": {"uv": [6.5, 7.25, 6.75, 8], "texture": "#0"},
				"south": {"uv": [6.75, 7.25, 7, 8], "texture": "#0"},
				"west": {"uv": [7.25, 7, 7.5, 7.75], "texture": "#0"},
				"up": {"uv": [8, 3.25, 7.75, 3], "texture": "#0"},
				"down": {"uv": [8, 5, 7.75, 5.25], "texture": "#0"}
			}
		},
		{
			"from": [0, 5, 9],
			"to": [3, 8, 12],
			"faces": {
				"north": {"uv": [4.75, 6, 5.5, 6.75], "texture": "#0"},
				"east": {"uv": [0, 7.5, 0.25, 8.25], "texture": "#0"},
				"south": {"uv": [6.25, 0.75, 7, 1.5], "texture": "#0"},
				"west": {"uv": [0.25, 7.5, 0.5, 8.25], "texture": "#0"},
				"up": {"uv": [8, 6.5, 7.25, 6.25], "texture": "#0"},
				"down": {"uv": [8.25, 0, 7.5, 0.25], "texture": "#0"}
			}
		},
		{
			"from": [-1, 6, 9],
			"to": [0, 9, 10],
			"faces": {
				"north": {"uv": [7.5, 0.75, 7.75, 1.5], "texture": "#0"},
				"east": {"uv": [7.5, 1.5, 7.75, 2.25], "texture": "#0"},
				"south": {"uv": [7.5, 2.25, 7.75, 3], "texture": "#0"},
				"west": {"uv": [3.75, 7.5, 4, 8.25], "texture": "#0"},
				"up": {"uv": [8, 5.5, 7.75, 5.25], "texture": "#0"},
				"down": {"uv": [8, 5.5, 7.75, 5.75], "texture": "#0"}
			}
		},
		{
			"from": [1, 1, 9],
			"to": [3, 4, 11],
			"faces": {
				"north": {"uv": [7, 0.75, 7.5, 1.5], "texture": "#0"},
				"east": {"uv": [4, 7.5, 4.25, 8.25], "texture": "#0"},
				"south": {"uv": [7, 1.5, 7.5, 2.25], "texture": "#0"},
				"west": {"uv": [4.5, 7.5, 4.75, 8.25], "texture": "#0"},
				"up": {"uv": [5.5, 1.5, 5, 1.25], "texture": "#0"},
				"down": {"uv": [8, 0.25, 7.5, 0.5], "texture": "#0"}
			}
		},
		{
			"from": [3, 1, 10],
			"to": [6, 9, 13],
			"faces": {
				"north": {"uv": [2.5, 3.5, 3.25, 5.5], "texture": "#0"},
				"east": {"uv": [3.25, 3.5, 4, 5.5], "texture": "#0"},
				"south": {"uv": [0, 4, 0.75, 6], "texture": "#0"},
				"west": {"uv": [0.75, 4, 1.5, 6], "texture": "#0"},
				"up": {"uv": [7, 2.25, 6.25, 1.5], "texture": "#0"},
				"down": {"uv": [3, 6.25, 2.25, 7], "texture": "#0"}
			}
		},
		{
			"from": [10, 1, 10],
			"to": [13, 9, 13],
			"faces": {
				"north": {"uv": [1.5, 4, 2.25, 6], "texture": "#0"},
				"east": {"uv": [4, 1.5, 4.75, 3.5], "texture": "#0"},
				"south": {"uv": [4, 3.5, 4.75, 5.5], "texture": "#0"},
				"west": {"uv": [4.75, 1.5, 5.5, 3.5], "texture": "#0"},
				"up": {"uv": [3.75, 7, 3, 6.25], "texture": "#0"},
				"down": {"uv": [4.5, 6.25, 3.75, 7], "texture": "#0"}
			}
		},
		{
			"from": [6, 1, 10],
			"to": [10, 6, 13],
			"faces": {
				"north": {"uv": [4.75, 3.5, 5.75, 4.75], "texture": "#0"},
				"east": {"uv": [5, 0, 5.75, 1.25], "texture": "#0"},
				"south": {"uv": [4.75, 4.75, 5.75, 6], "texture": "#0"},
				"west": {"uv": [5.5, 1.25, 6.25, 2.5], "texture": "#0"},
				"up": {"uv": [3.25, 6.25, 2.25, 5.5], "texture": "#0"},
				"down": {"uv": [6.5, 2.5, 5.5, 3.25], "texture": "#0"}
			}
		},
		{
			"from": [6, 9, 8],
			"to": [10, 11, 10],
			"faces": {
				"north": {"uv": [5.5, 6.25, 6.5, 6.75], "texture": "#0"},
				"east": {"uv": [7, 5, 7.5, 5.5], "texture": "#0"},
				"south": {"uv": [6.5, 0, 7.5, 0.5], "texture": "#0"},
				"west": {"uv": [7, 6.5, 7.5, 7], "texture": "#0"},
				"up": {"uv": [7.5, 2.75, 6.5, 2.25], "texture": "#0"},
				"down": {"uv": [7.5, 2.75, 6.5, 3.25], "texture": "#0"}
			}
		},
		{
			"from": [4, 8, 6],
			"to": [12, 9, 7],
			"faces": {
				"north": {"uv": [6.5, 0.5, 8.5, 0.75], "texture": "#0"},
				"east": {"uv": [7.75, 5.75, 8, 6], "texture": "#0"},
				"south": {"uv": [6.5, 3.25, 8.5, 3.5], "texture": "#0"},
				"west": {"uv": [7.75, 6, 8, 6.25], "texture": "#0"},
				"up": {"uv": [8.5, 3.75, 6.5, 3.5], "texture": "#0"},
				"down": {"uv": [8.5, 3.75, 6.5, 4], "texture": "#0"}
			}
		},
		{
			"from": [3, 2, 6],
			"to": [4, 8, 7],
			"faces": {
				"north": {"uv": [2.25, 4, 2.5, 5.5], "texture": "#0"},
				"east": {"uv": [2, 6.75, 2.25, 8.25], "texture": "#0"},
				"south": {"uv": [2.25, 7, 2.5, 8.5], "texture": "#0"},
				"west": {"uv": [2.5, 7, 2.75, 8.5], "texture": "#0"},
				"up": {"uv": [8, 6.75, 7.75, 6.5], "texture": "#0"},
				"down": {"uv": [8, 6.75, 7.75, 7], "texture": "#0"}
			}
		},
		{
			"from": [12, 2, 6],
			"to": [13, 8, 7],
			"faces": {
				"north": {"uv": [2.75, 7, 3, 8.5], "texture": "#0"},
				"east": {"uv": [3, 7, 3.25, 8.5], "texture": "#0"},
				"south": {"uv": [3.25, 7, 3.5, 8.5], "texture": "#0"},
				"west": {"uv": [3.5, 7, 3.75, 8.5], "texture": "#0"},
				"up": {"uv": [8, 7.25, 7.75, 7], "texture": "#0"},
				"down": {"uv": [7.5, 7.75, 7.25, 8], "texture": "#0"}
			}
		},
		{
			"from": [12, 3, 5],
			"to": [13, 7, 6],
			"faces": {
				"north": {"uv": [4.25, 7, 4.5, 8], "texture": "#0"},
				"east": {"uv": [7, 7, 7.25, 8], "texture": "#0"},
				"south": {"uv": [0.5, 7.25, 0.75, 8.25], "texture": "#0"},
				"west": {"uv": [0.75, 7.25, 1, 8.25], "texture": "#0"},
				"up": {"uv": [8, 7.5, 7.75, 7.25], "texture": "#0"},
				"down": {"uv": [8, 7.5, 7.75, 7.75], "texture": "#0"}
			}
		},
		{
			"from": [5, 8, 5],
			"to": [11, 9, 6],
			"faces": {
				"north": {"uv": [7, 4, 8.5, 4.25], "texture": "#0"},
				"east": {"uv": [7.75, 7.75, 8, 8], "texture": "#0"},
				"south": {"uv": [7, 4.25, 8.5, 4.5], "texture": "#0"},
				"west": {"uv": [8, 0.25, 8.25, 0.5], "texture": "#0"},
				"up": {"uv": [8.5, 4.75, 7, 4.5], "texture": "#0"},
				"down": {"uv": [8.5, 4.75, 7, 5], "texture": "#0"}
			}
		},
		{
			"from": [3, 3, 5],
			"to": [4, 7, 6],
			"faces": {
				"north": {"uv": [1, 7.25, 1.25, 8.25], "texture": "#0"},
				"east": {"uv": [1.25, 7.25, 1.5, 8.25], "texture": "#0"},
				"south": {"uv": [1.5, 7.25, 1.75, 8.25], "texture": "#0"},
				"west": {"uv": [1.75, 7.25, 2, 8.25], "texture": "#0"},
				"up": {"uv": [8.25, 1, 8, 0.75], "texture": "#0"},
				"down": {"uv": [8.25, 1, 8, 1.25], "texture": "#0"}
			}
		}
	],
	"display": {
		"thirdperson_righthand": {
			"rotation": [75, 45, 0],
			"translation": [0, 2.5, 0.75],
			"scale": [0.375, 0.375, 0.375]
		},
		"thirdperson_lefthand": {
			"rotation": [75, 45, 0],
			"translation": [0, 2.5, 0.75],
			"scale": [0.375, 0.375, 0.375]
		},
		"firstperson_righthand": {
			"rotation": [0, 45, 0],
			"translation": [0, 4.25, 0],
			"scale": [0.6, 0.6, 0.6]
		},
		"firstperson_lefthand": {
			"rotation": [0, 45, 0],
			"translation": [0, 4.25, 0],
			"scale": [0.6, 0.6, 0.6]
		},
		"ground": {
			"translation": [0, 3, 0],
			"scale": [0.25, 0.25, 0.25]
		},
		"gui": {
			"rotation": [30, 225, 0],
			"translation": [0, 0.5, 0],
			"scale": [0.8, 0.8, 0.8]
		},
		"head": {
			"translation": [0, 6.5, 0],
			"scale": [1.6, 1.6, 1.6]
		},
		"fixed": {
			"translation": [0, 0, -1.25],
			"scale": [0.5, 0.5, 0.5]
		}
	},
	"groups": [
		{
			"name": "haid",
			"origin": [0, 0, 0],
			"color": 0,
			"children": [0, 1, 2, 3, 4, 5, 6, 7, 8, 9, 10, 11, 12, 13, 14, 15, 16, 17, 18, 19, 20, 21, 22]
		}
	]
}