{
    "pools": [
      {
        "rolls": {
          "min": 8,
          "max": 12
        },
        "entries": [
          {
            "type": "minecraft:item",
            "name": "minecraft:wheat_seeds"
          },
          {
            "type": "minecraft:item",
            "name": "minecraft:wheat"
          }
        ]
      },
      {
        "rolls": {
          "min": 1,
          "max": 3
        },
        "entries": [
          {
            "type": "minecraft:item",
            "name": "minecraft:bread"
          }
        ]
      },
      {
        "rolls": 1,
        "entries": [
          {
            "type": "minecraft:empty",
            "weight": 100
          },
          {
            "type": "minecraft:loot_table",
            "weight": 5,
            "name": "ap-cj_customjukebox:chests/rm_portalgun/foreign_fields"
          }
        ]
      }
    ]
  }
  