{
  "parent": "ap-light_sabers:misc/use_force",
  "display": {
    "icon": {
      "item": "minecraft:netherite_sword",
      "nbt": "{CustomModelData:1}"
    },
    "title": {
      "translate": "\u00a74\u00a7oAll too easy."
    },
    "description": {
      "translate": "Aquire yourself a darth vader helmet. \u00a74[Can mostly be found in bastions]"
    },
    "frame": "task",
    "show_toast": true,
    "announce_to_chat": false,
    "hidden": false
  },
  "criteria": {
    "netherite_sword": {
      "trigger": "minecraft:inventory_changed",
      "conditions": {
        "items": [
          {
            "items": [
              "minecraft:netherite_sword"
            ],
            "nbt": "{CustomModelData:1}"
          }
        ]
      }
    }
  },
  "requirements": [
    [
      "netherite_sword"
    ]
  ]
}