{
  "parent": "ap-light_sabers:root",
  "display": {
    "icon": {
      "item": "minecraft:shears",
      "nbt": "{CustomModelData:4}"
    },
    "title": {
      "translate": "\u00a79The force is strong in you!"
    },
    "description": {
      "translate": "Use the force by putting a light saber in your off hand and right clicking with it \u00a74[Pulls items to you]"
    },
    "frame": "task",
    "show_toast": true,
    "announce_to_chat": false,
    "hidden": false
  },
  "criteria": {
    "impossible": {
      "trigger": "minecraft:impossible"
    }
  },
  "requirements": [
    [
      "impossible"
    ]
  ]
}