{
  "type": "minecraft:ore",
  "config": {
    "size": 12,
    "discard_chance_on_air_exposure": 0.7,
    "targets": [
      {
        "target": {
          "predicate_type": "minecraft:tag_match",
          "tag": "ap-rm_portalgun:stained_glass_ore_replaceables"
        },
        "state": {
          "Name": "minecraft:light_blue_stained_glass"
        }
      },
      {
        "target": {
          "predicate_type": "minecraft:tag_match",
          "tag": "ap-rm_portalgun:stained_glass_ore_replaceables"
        },
        "state": {
          "Name": "minecraft:light_blue_stained_glass"
        }
      }
    ]
  }
}
