{
    "pools": [
        {
            "rolls": {
                "min": 3,
                "max": 5
            },
            "entries": [
                {
                    "type": "item",
                    "weight": 5,
                    "name": "minecraft:iron_ingot",
                    "functions": [
                        {
                            "function": "set_count",
                            "count": {
                                "min": 1,
                                "max": 7
                            }
                        }
                    ]
                },
                {
                    "type": "item",
                    "weight": 3,
                    "name": "minecraft:gold_ingot",
                    "functions": [
                        {
                            "function": "set_count",
                            "count": {
                                "min": 0,
                                "max": 4
                            }
                        }
                    ]
                },
                {
                    "type": "item",
                    "weight": 1,
                    "name": "minecraft:diamond",
                    "functions": [
                        {
                            "function": "set_count",
                            "count": {
                                "min": 1,
                                "max": 3
                            }
                        }
                    ]
                },
                {
                    "type": "item",
                    "weight": 1,
                    "name": "minecraft:emerald",
                    "functions": [
                        {
                            "function": "set_count",
                            "count": {
                                "min": 1,
                                "max": 2
                            }
                        }
                    ]
                }
            ]
        },
        {
            "rolls": 1,
            "entries": [
                {
                    "type": "item",
                    "weight": 1,
                    "name": "minecraft:diamond_sword",
                    "functions": [
                        {
                            "function": "set_nbt",
                            "tag": "{Unbreakable: 1b, Damage: 0, HideFlags: 63, RMLiquidCapsule: 0b, AttributeModifiers: [{}], display: {Name: '{\"translate\":\"item.alien-packs.rm_portalgun.liquid_capsule.name\",\"color\":\"white\",\"italic\":false}', Lore: ['{\"translate\":\"item.alien-packs.rm_portalgun.liquid_capsule.description.empty\",\"color\":\"white\",\"italic\":false}']}, CustomModelData: 4}"
                        }
                    ]
                },
                {
                    "type": "empty",
                    "weight": 20
                }
            ]
        },
        {
            "rolls": 1,
            "entries": [
                {
                    "type": "item",
                    "weight": 1,
                    "name": "minecraft:saddle"
                },
                {
                    "type": "item",
                    "weight": 1,
                    "name": "minecraft:name_tag"
                },
                {
                    "type": "empty",
                    "weight": 8
                }
            ]
        },
        {
            "rolls": {
                "min": 1,
                "max": 2
            },
            "entries": [
                {
                    "type": "item",
                    "weight": 5,
                    "name": "minecraft:iron_horse_armor"
                },
                {
                    "type": "item",
                    "weight": 3,
                    "name": "minecraft:golden_horse_armor"
                },
                {
                    "type": "item",
                    "weight": 1,
                    "name": "minecraft:diamond_horse_armor"
                },
                {
                    "type": "empty",
                    "weight": 10
                }
            ]
        }
    ]
}