{
	"credit": "Made by Mr3DAlien",
	"textures": {
		"0": "ap-rm_portalgun:misc/blue_portal",
		"particle": "ap-rm_portalgun:misc/blue_portal"
	},
	"elements": [
		{
			"from": [-16, -16, 8],
			"to": [32, 32, 8],
			"faces": {
				"north": {"uv": [0, 0, 16, 16], "texture": "#0"},
				"east": {"uv": [0, 0, 0, 16], "texture": "#0"},
				"south": {"uv": [0, 0, 16, 16], "texture": "#0"},
				"west": {"uv": [16, 0, 16, 16], "texture": "#0"},
				"up": {"uv": [0, 0, 16, 0], "texture": "#0"},
				"down": {"uv": [0, 16, 16, 16], "texture": "#0"}
			}
		}
	],
	"gui_light": "front",
	"display": {
		"thirdperson_righthand": {
			"translation": [0, 1.5, 1],
			"scale": [0.1, 0.1, 0.1]
		},
		"thirdperson_lefthand": {
			"translation": [0, 1.5, 1],
			"scale": [0.1, 0.1, 0.1]
		},
		"firstperson_righthand": {
			"rotation": [0, -75.25, 0],
			"translation": [0, 1.75, 0],
			"scale": [0.3, 0.3, 0.3]
		},
		"firstperson_lefthand": {
			"rotation": [0, -75.25, 0],
			"translation": [0, 1.75, 0],
			"scale": [0.3, 0.3, 0.3]
		},
		"gui": {
			"scale": [0.3, 0.3, 0.3]
		},
		"head": {
			"rotation": [-90, 0, 0],
			"translation": [0, -45.25, 0],
			"scale": [4, 4, 2.1]
		},
		"fixed": {
			"translation": [0, 0, -0.25],
			"scale": [0.3, 0.3, 0.3]
		}
	}
}