{
    "pools": [
      {
        "rolls": 1,
        "entries": [
          {
            "type": "minecraft:item",
            "name": "minecraft:music_disc_11",
            "functions": [
              {
                "function": "minecraft:set_nbt",
                "tag": "{CJDisc: 3b, HideFlags: 63, display: {Lore: ['{\"text\":\"BartTheBart - Shivers\",\"color\":\"gray\",\"italic\":false}']}, CustomModelData: 3}"
              }
            ]
          }
        ]
      }
    ]
  }
  