{
  "display": {
    "icon": {
      "item": "minecraft:warped_fungus_on_a_stick",
      "nbt": "{CustomModelData:18}"
    },
    "title": {
      "translate": "advancements.alien-packs.rm_portalgun.activate_gun.title"
    },
    "description": {
      "translate": "advancements.alien-packs.rm_portalgun.activate_gun.description"
    },
    "frame": "task",
    "show_toast": true,
    "announce_to_chat": false,
    "hidden": false
  },
  "parent": "ap-rm_portalgun:portal_gun/fill_portal_gun",
  "criteria": {
    "activated_gun": {
      "trigger": "minecraft:inventory_changed",
      "conditions": {
        "player": [
          {
            "condition": "minecraft:entity_properties",
            "entity": "this",
            "predicate": {
              "type": "minecraft:player",
              "equipment": {
                "mainhand": {
                  "items": [
                    "minecraft:warped_fungus_on_a_stick"
                  ],
                  "nbt": "{RMActive:1b}"
                }
              }
            }
          }
        ]
      }
    }
  },
  "requirements": [
    [
      "activated_gun"
    ]
  ]
}
