{
  "display": {
    "icon": {
      "item": "minecraft:diamond_sword",
      "nbt": "{CustomModelData:17}"
    },
    "title": {
      "translate": "advancements.alien-packs.rm_portalgun.get_broken_coords_device.title"
    },
    "description": {
      "translate": "advancements.alien-packs.rm_portalgun.get_broken_coords_device.description"
    },
    "frame": "task",
    "show_toast": true,
    "announce_to_chat": false,
    "hidden": false
  },
  "parent": "ap-rm_portalgun:portal_gun/visit_citadel",
  "criteria": {
    "get_broken_coords_device": {
      "trigger": "minecraft:inventory_changed",
      "conditions": {
        "items": [
          {
            "items": [
              "minecraft:diamond_sword"
            ],
            "nbt": "{CustomModelData:17}"
          }
        ]
      }
    }
  },
  "requirements": [
    [
      "get_broken_coords_device"
    ]
  ]
}
