{
    "name": "ap-rm_portalgun:chess_world/pawn_station",
    "fallback": "minecraft:empty",
    "elements": [
        {
            "weight": 2,
            "element": {
                "location": "ap-rm_portalgun:chess_world/pawn_barrel",
                "processors": "minecraft:empty",
                "projection": "rigid",
                "element_type": "single_pool_element"
            }
        },
        {
            "weight": 1,
            "element": {
                "location": "ap-rm_portalgun:chess_world/pawn_lectern",
                "processors": "minecraft:empty",
                "projection": "rigid",
                "element_type": "single_pool_element"
            }
        },
        {
            "weight": 1,
            "element": {
                "location": "ap-rm_portalgun:chess_world/pawn_dispenser",
                "processors": "minecraft:empty",
                "projection": "rigid",
                "element_type": "single_pool_element"
            }
        },
        {
            "weight": 1,
            "element": {
                "location": "ap-rm_portalgun:chess_world/pawn_crafting_table",
                "processors": "minecraft:empty",
                "projection": "rigid",
                "element_type": "single_pool_element"
            }
        },
        {
            "weight": 1,
            "element": {
                "location": "ap-rm_portalgun:chess_world/pawn_blast_furnace",
                "processors": "minecraft:empty",
                "projection": "rigid",
                "element_type": "single_pool_element"
            }
        }
    ]
}