{
  "temperature": 0.8,
  "downfall": 0.4,
  "has_precipitation": false,
  "effects": {
    "sky_color": 16579836,
    "fog_color": 16579836,
    "water_color": 16579836,
    "water_fog_color": 16579836,
    "grass_color": 16579836,
    "foliage_color": 16579836,
    "music": {
      "sound": "ap-rm_portalgun:music.the_bliss_of_the_past",
      "min_delay": 12000,
      "max_delay": 24000,
      "replace_current_music": false
    }
  },
  "spawners": {},
  "spawn_costs": {},
  "carvers": {},
  "features": [
    [
      "minecraft:trees_water"
    ],
    [
      "minecraft:patch_grass_normal",
      "minecraft:flower_default"
    ],
    [
      "minecraft:ore_iron_middle",
      "minecraft:ore_iron_small",
      "minecraft:ore_iron_upper",
      "minecraft:ore_emerald"
    ],
    [
      "minecraft:dripstone_cluster",
      "minecraft:large_dripstone",
      "minecraft:pointed_dripstone",
      "minecraft:underwater_magma",
      "minecraft:spring_water",
      "minecraft:glow_lichen"
    ]
  ]
}
