{
	"credit": "Made by Mr3DAlien",
	"textures": {
		"0": "ap-ls_lightsabers:item/light_saber/mace_handle",
		"particle": "ap-ls_lightsabers:item/light_saber/mace_handle"
	},
	"elements": [
		{
			"from": [7, 0, 7],
			"to": [9, 1, 9],
			"faces": {
				"north": {"uv": [14, 0, 16, 1], "texture": "#0"},
				"east": {"uv": [14, 0, 16, 1], "texture": "#0"},
				"south": {"uv": [14, 0, 16, 1], "texture": "#0"},
				"west": {"uv": [14, 0, 16, 1], "texture": "#0"},
				"up": {"uv": [14, 1, 16, 3], "texture": "#0"},
				"down": {"uv": [14, 1, 16, 3], "texture": "#0"}
			}
		},
		{
			"from": [6.5, 1, 6.5],
			"to": [9.5, 2, 9.5],
			"faces": {
				"north": {"uv": [8, 0, 11, 1], "texture": "#0"},
				"east": {"uv": [8, 0, 11, 1], "texture": "#0"},
				"south": {"uv": [8, 0, 11, 1], "texture": "#0"},
				"west": {"uv": [8, 0, 11, 1], "texture": "#0"},
				"up": {"uv": [11, 0, 14, 3], "texture": "#0"},
				"down": {"uv": [11, 0, 14, 3], "texture": "#0"}
			}
		},
		{
			"from": [6, 2, 6],
			"to": [10, 9, 10],
			"faces": {
				"north": {"uv": [0, 0, 4, 7], "texture": "#0"},
				"east": {"uv": [0, 0, 4, 7], "texture": "#0"},
				"south": {"uv": [0, 0, 4, 7], "texture": "#0"},
				"west": {"uv": [0, 0, 4, 7], "texture": "#0"},
				"up": {"uv": [8, 4, 4, 0], "texture": "#0"},
				"down": {"uv": [8, 0, 4, 4], "texture": "#0"}
			}
		},
		{
			"from": [6.25, 9, 6.25],
			"to": [9.75, 12, 9.75],
			"faces": {
				"north": {"uv": [0, 7, 4, 10], "texture": "#0"},
				"east": {"uv": [0, 7, 4, 10], "texture": "#0"},
				"south": {"uv": [0, 7, 4, 10], "texture": "#0"},
				"west": {"uv": [0, 7, 4, 10], "texture": "#0"},
				"up": {"uv": [0, 10, 4, 14], "texture": "#0"},
				"down": {"uv": [0, 10, 4, 14], "texture": "#0"}
			}
		},
		{
			"from": [7.25, 12, 7.25],
			"to": [8.75, 13, 8.75],
			"faces": {
				"north": {"uv": [1, 11, 3, 13], "texture": "#0"},
				"east": {"uv": [1, 11, 3, 13], "texture": "#0"},
				"south": {"uv": [1, 11, 3, 13], "texture": "#0"},
				"west": {"uv": [1, 11, 3, 13], "texture": "#0"},
				"up": {"uv": [1, 11, 3, 13], "texture": "#0"},
				"down": {"uv": [1, 11, 3, 13], "texture": "#0"}
			}
		}
	],
	"display": {
		"thirdperson_righthand": {
			"rotation": [-180, 1, -180],
			"translation": [0, 1.75, 1.5],
			"scale": [0.5, 0.5, 0.5]
		},
		"thirdperson_lefthand": {
			"rotation": [-180, 1, -180],
			"translation": [0, 1.75, 1.5],
			"scale": [0.5, 0.5, 0.5]
		},
		"firstperson_righthand": {
			"rotation": [179.55, 12.14, 171.24],
			"translation": [-0.25, 2, 1],
			"scale": [0.5, 0.5, 0.5]
		},
		"firstperson_lefthand": {
			"rotation": [179.55, 12.14, 171.24],
			"translation": [-0.25, 2, 1],
			"scale": [0.5, 0.5, 0.5]
		},
		"ground": {
			"rotation": [90, 0, 0],
			"scale": [0.5, 0.5, 0.5]
		},
		"gui": {
			"rotation": [164.73, 32.45, -143.31],
			"translation": [0.5, 0.5, 0]
		},
		"fixed": {
			"translation": [0, 0.75, -0.5]
		}
	},
	"groups": [
		{
			"name": "handle",
			"origin": [0, 0, 0],
			"color": 0,
			"children": [0, 1, 2, 3, 4]
		}
	]
}