{
    "pools": [
        {
            "rolls": 1,
            "entries": [
                {
                    "type": "item",
                    "weight": 1,
                    "name": "minecraft:warped_fungus_on_a_stick",
                    "functions": [
                        {
                            "function": "set_count",
                            "count": 1
                        },
                        {
                            "function": "set_nbt",
                            "tag": "{Unbreakable:1b,RepairCost:999999,HideFlags:61s,CustomModelData:3,LightSaber:0,DarkSaber:1,display:{Name:'{\"text\":\"Vader\\'s Lightsaber\",\"italic\":\"false\",\"color\":\"dark_red\"}',Lore:['{\"text\":\"\"}','{\"text\":\"I find your lack of faith disturbing!\",\"color\":\"dark_red\"}']}}"
                        }
                    ]
                }
            ]
        },
        {
            "rolls": 1,
            "entries": [
                {
                    "type": "item",
                    "weight": 1,
                    "name": "minecraft:netherite_sword",
                    "functions": [
                        {
                            "function": "set_count",
                            "count": 1
                        },
                        {
                            "function": "set_nbt",
                            "tag": "{Unbreakable:1b,RepairCost:999999,HideFlags:63s,CustomModelData:1,VaderHelmet:1b,AttributeModifiers:[{}],display:{Name:'{\"text\":\"Darth Vader\\'s Helmet\",\"color\":\"dark_red\",\"italic\":\"false\"}',Lore:['{\"text\":\"\"}','{\"text\":\"Be careful not to choke on your aspirations.\",\"color\":\"dark_red\"}','{\"text\":\"[Put in offhand to equip!]\",\"color\":\"yellow\",\"italic\":\"false\"}']},HideFlags:63s}"
                        }
                    ]
                }
            ]
        }
    ]
}