{
    "feature": "ap-rm_portalgun:glass_world/ore_gold_buried",
    "placement": [
      {
        "type": "minecraft:count",
        "count": {
          "type": "minecraft:uniform",
          "value": {
            "max_inclusive": 1,
            "min_inclusive": 0
          }
        }
      },
      {
        "type": "minecraft:in_square"
      },
      {
        "type": "minecraft:height_range",
        "height": {
          "type": "minecraft:uniform",
          "max_inclusive": {
            "absolute": -48
          },
          "min_inclusive": {
            "absolute": -64
          }
        }
      },
      {
        "type": "minecraft:biome"
      }
    ]
  }