{
    "feature": "minecraft:ore_redstone",
    "placement": [
      {
        "type": "minecraft:count",
        "count": 100
      },
      {
        "type": "minecraft:in_square"
      },
      {
        "type": "minecraft:height_range",
        "height": {
          "type": "minecraft:uniform",
          "max_inclusive": {
            "absolute": 320
          },
          "min_inclusive": {
            "absolute": -64
          }
        }
      },
      {
        "type": "minecraft:biome"
      }
    ]
  }