{
    "type": "minecraft:ore",
    "config": {
      "discard_chance_on_air_exposure": 0.5,
      "size": 17,
      "targets": [
        {
          "state": {
            "Name": "minecraft:coal_ore"
          },
          "target": {
            "predicate_type": "minecraft:tag_match",
            "tag": "minecraft:stone_ore_replaceables"
          }
        },
        {
          "state": {
            "Name": "minecraft:deepslate_coal_ore"
          },
          "target": {
            "predicate_type": "minecraft:tag_match",
            "tag": "ap-rm_portalgun:smooth_basalt_coal_ore_replaceables"
          }
        }
      ]
    }
  }