{
	"credit": "Made by Mr3DAlien using Blockbench",
	"texture_size": [32, 32],
	"textures": {
		"0": "ap-rm_portalgun:item/portal_gun/ricks_first_gun/deactivated",
		"particle": "ap-rm_portalgun:item/portal_gun/ricks_first_gun/deactivated"
	},
	"elements": [
		{
			"from": [7, 1.5, 8],
			"to": [9, 2, 11],
			"rotation": {"angle": 0, "axis": "y", "origin": [0, 0, -1]},
			"faces": {
				"north": {"uv": [11, 9, 12, 9.5], "texture": "#0"},
				"east": {"uv": [10.5, 7, 12, 7.5], "texture": "#0"},
				"south": {"uv": [11, 9.5, 12, 10], "texture": "#0"},
				"west": {"uv": [10.5, 7.5, 12, 8], "texture": "#0"},
				"up": {"uv": [8.5, 7.5, 7.5, 6], "texture": "#0"},
				"down": {"uv": [8.5, 7.5, 7.5, 9], "texture": "#0"}
			}
		},
		{
			"from": [6, 3, 4],
			"to": [10, 4, 9],
			"rotation": {"angle": 0, "axis": "y", "origin": [0, 0, -1]},
			"faces": {
				"north": {"uv": [2.5, 8, 4.5, 8.5], "texture": "#0"},
				"east": {"uv": [0, 8, 2.5, 8.5], "texture": "#0"},
				"south": {"uv": [8.5, 7.5, 10.5, 8], "texture": "#0"},
				"west": {"uv": [0, 8.5, 2.5, 9], "texture": "#0"},
				"up": {"uv": [2, 6.5, 0, 4], "texture": "#0"},
				"down": {"uv": [6, 0, 4, 2.5], "texture": "#0"}
			}
		},
		{
			"from": [6, 4, 4],
			"to": [7, 5, 9],
			"rotation": {"angle": 0, "axis": "y", "origin": [0, 0, -1]},
			"faces": {
				"north": {"uv": [7, 6, 7.5, 6.5], "texture": "#0"},
				"east": {"uv": [2.5, 8.5, 5, 9], "texture": "#0"},
				"south": {"uv": [1, 12, 1.5, 12.5], "texture": "#0"},
				"west": {"uv": [8.5, 3, 11, 3.5], "texture": "#0"},
				"up": {"uv": [5.5, 11, 5, 8.5], "texture": "#0"},
				"down": {"uv": [9, 5, 8.5, 7.5], "texture": "#0"}
			}
		},
		{
			"from": [9, 4, 4],
			"to": [10, 5, 9],
			"rotation": {"angle": 0, "axis": "y", "origin": [0, 0, -1]},
			"faces": {
				"north": {"uv": [1.5, 12, 2, 12.5], "texture": "#0"},
				"east": {"uv": [8.5, 3.5, 11, 4], "texture": "#0"},
				"south": {"uv": [2, 12, 2.5, 12.5], "texture": "#0"},
				"west": {"uv": [8.5, 4, 11, 4.5], "texture": "#0"},
				"up": {"uv": [6, 11, 5.5, 8.5], "texture": "#0"},
				"down": {"uv": [6.5, 8.5, 6, 11], "texture": "#0"}
			}
		},
		{
			"from": [9, 5, 6],
			"to": [10, 7, 9],
			"rotation": {"angle": 0, "axis": "y", "origin": [0, 0, -1]},
			"faces": {
				"north": {"uv": [10.5, 9, 11, 10], "texture": "#0"},
				"east": {"uv": [1.5, 7, 3, 8], "texture": "#0"},
				"south": {"uv": [1, 11, 1.5, 12], "texture": "#0"},
				"west": {"uv": [3, 7, 4.5, 8], "texture": "#0"},
				"up": {"uv": [3.5, 11.5, 3, 10], "texture": "#0"},
				"down": {"uv": [4, 10, 3.5, 11.5], "texture": "#0"}
			}
		},
		{
			"from": [6, 5, 6],
			"to": [7, 7, 9],
			"rotation": {"angle": 0, "axis": "y", "origin": [0, 0, -1]},
			"faces": {
				"north": {"uv": [1.5, 11, 2, 12], "texture": "#0"},
				"east": {"uv": [7, 5, 8.5, 6], "texture": "#0"},
				"south": {"uv": [11, 1.5, 11.5, 2.5], "texture": "#0"},
				"west": {"uv": [7.5, 0, 9, 1], "texture": "#0"},
				"up": {"uv": [4.5, 11.5, 4, 10], "texture": "#0"},
				"down": {"uv": [5, 10, 4.5, 11.5], "texture": "#0"}
			}
		},
		{
			"from": [6.5, 3.5, 9],
			"to": [9.5, 6.5, 10],
			"rotation": {"angle": 0, "axis": "y", "origin": [0, 0, -1]},
			"faces": {
				"north": {"uv": [4, 5, 5.5, 6.5], "texture": "#0"},
				"east": {"uv": [10, 4.5, 10.5, 6], "texture": "#0"},
				"south": {"uv": [5.5, 5, 7, 6.5], "texture": "#0"},
				"west": {"uv": [10, 6, 10.5, 7.5], "texture": "#0"},
				"up": {"uv": [10.5, 3, 9, 2.5], "texture": "#0"},
				"down": {"uv": [11, 10, 9.5, 10.5], "texture": "#0"}
			}
		},
		{
			"from": [7, 5, 3],
			"to": [9, 7, 6],
			"rotation": {"angle": 0, "axis": "y", "origin": [0, 0, -1]},
			"faces": {
				"north": {"uv": [8.5, 8, 9.5, 9], "texture": "#0"},
				"east": {"uv": [7.5, 1, 9, 2], "texture": "#0"},
				"south": {"uv": [0, 9, 1, 10], "texture": "#0"},
				"west": {"uv": [7.5, 2, 9, 3], "texture": "#0"},
				"up": {"uv": [5.5, 8.5, 4.5, 7], "texture": "#0"},
				"down": {"uv": [8.5, 3, 7.5, 4.5], "texture": "#0"}
			}
		},
		{
			"from": [6.5, 4.5, 2],
			"to": [9.5, 7.5, 3],
			"rotation": {"angle": 0, "axis": "y", "origin": [0, 0, -1]},
			"faces": {
				"north": {"uv": [6, 0, 7.5, 1.5], "texture": "#0"},
				"east": {"uv": [7.5, 10, 8, 11.5], "texture": "#0"},
				"south": {"uv": [6, 1.5, 7.5, 3], "texture": "#0"},
				"west": {"uv": [8, 10, 8.5, 11.5], "texture": "#0"},
				"up": {"uv": [2.5, 11, 1, 10.5], "texture": "#0"},
				"down": {"uv": [12, 2.5, 10.5, 3], "texture": "#0"}
			}
		},
		{
			"name": "frontlight",
			"from": [7, 5, 1.5],
			"to": [9, 7, 2],
			"rotation": {"angle": 0, "axis": "y", "origin": [0, 0, -1]},
			"faces": {
				"north": {"uv": [0, 12.5, 1.5, 14], "texture": "#0"},
				"east": {"uv": [2, 12.5, 2.5, 14], "texture": "#0"},
				"south": {"uv": [0, 14, 1.5, 15.5], "texture": "#0"},
				"west": {"uv": [1.5, 12.5, 2, 14], "texture": "#0"},
				"up": {"uv": [4, 13.5, 2.5, 13], "texture": "#0"},
				"down": {"uv": [4, 12.5, 2.5, 13], "texture": "#0"}
			}
		},
		{
			"from": [6, 7, 4],
			"to": [10, 8, 12],
			"rotation": {"angle": 0, "axis": "y", "origin": [0, 0, -1]},
			"faces": {
				"north": {"uv": [9, 0, 11, 0.5], "texture": "#0"},
				"east": {"uv": [6, 4.5, 10, 5], "texture": "#0"},
				"south": {"uv": [9, 0.5, 11, 1], "texture": "#0"},
				"west": {"uv": [1.5, 6.5, 5.5, 7], "texture": "#0"},
				"up": {"uv": [2, 4, 0, 0], "texture": "#0"},
				"down": {"uv": [4, 0, 2, 4], "texture": "#0"}
			}
		},
		{
			"from": [6, 3.5, 12],
			"to": [10, 8.5, 13],
			"rotation": {"angle": 0, "axis": "y", "origin": [0, 0, -1]},
			"faces": {
				"north": {"uv": [2, 4, 4, 6.5], "texture": "#0"},
				"east": {"uv": [6.5, 8.5, 7, 11], "texture": "#0"},
				"south": {"uv": [4, 2.5, 6, 5], "texture": "#0"},
				"west": {"uv": [7, 8.5, 7.5, 11], "texture": "#0"},
				"up": {"uv": [3, 9.5, 1, 9], "texture": "#0"},
				"down": {"uv": [11, 1, 9, 1.5], "texture": "#0"}
			}
		},
		{
			"from": [7, 2, 8],
			"to": [9, 3.5, 10],
			"rotation": {"angle": 0, "axis": "y", "origin": [0, 0, -1]},
			"faces": {
				"north": {"uv": [9, 1.5, 10, 2.5], "texture": "#0"},
				"east": {"uv": [3, 9, 4, 10], "texture": "#0"},
				"south": {"uv": [4, 9, 5, 10], "texture": "#0"},
				"west": {"uv": [9, 5, 10, 6], "texture": "#0"},
				"up": {"uv": [10, 7, 9, 6], "texture": "#0"},
				"down": {"uv": [8.5, 9, 7.5, 10], "texture": "#0"}
			}
		},
		{
			"from": [7, 0, 11],
			"to": [9, 3.5, 12],
			"rotation": {"angle": 0, "axis": "y", "origin": [0, 0, -1]},
			"faces": {
				"north": {"uv": [5.5, 6.5, 6.5, 8.5], "texture": "#0"},
				"east": {"uv": [8.5, 9, 9, 11], "texture": "#0"},
				"south": {"uv": [6.5, 6.5, 7.5, 8.5], "texture": "#0"},
				"west": {"uv": [9, 9, 9.5, 11], "texture": "#0"},
				"up": {"uv": [10, 7.5, 9, 7], "texture": "#0"},
				"down": {"uv": [12, 3, 11, 3.5], "texture": "#0"}
			}
		},
		{
			"from": [7, 3, 10],
			"to": [9, 3.5, 11],
			"rotation": {"angle": 0, "axis": "y", "origin": [0, 0, -1]},
			"faces": {
				"north": {"uv": [11, 3.5, 12, 4], "texture": "#0"},
				"east": {"uv": [2.5, 12, 3, 12.5], "texture": "#0"},
				"south": {"uv": [11, 4, 12, 4.5], "texture": "#0"},
				"west": {"uv": [12, 2.5, 12.5, 3], "texture": "#0"},
				"up": {"uv": [12, 5, 11, 4.5], "texture": "#0"},
				"down": {"uv": [6, 11, 5, 11.5], "texture": "#0"}
			}
		},
		{
			"from": [7, 4, 10],
			"to": [9, 6, 11],
			"rotation": {"angle": 0, "axis": "y", "origin": [0, 0, -1]},
			"faces": {
				"north": {"uv": [1, 9.5, 2, 10.5], "texture": "#0"},
				"east": {"uv": [2, 11, 2.5, 12], "texture": "#0"},
				"south": {"uv": [2, 9.5, 3, 10.5], "texture": "#0"},
				"west": {"uv": [11, 5, 11.5, 6], "texture": "#0"},
				"up": {"uv": [7, 11.5, 6, 11], "texture": "#0"},
				"down": {"uv": [9.5, 11, 8.5, 11.5], "texture": "#0"}
			}
		},
		{
			"from": [6.5, 3.5, 11],
			"to": [9.5, 6.5, 12],
			"rotation": {"angle": 0, "axis": "y", "origin": [0, 0, -1]},
			"faces": {
				"north": {"uv": [6, 3, 7.5, 4.5], "texture": "#0"},
				"east": {"uv": [2.5, 10.5, 3, 12], "texture": "#0"},
				"south": {"uv": [0, 6.5, 1.5, 8], "texture": "#0"},
				"west": {"uv": [10.5, 4.5, 11, 6], "texture": "#0"},
				"up": {"uv": [12, 6.5, 10.5, 6], "texture": "#0"},
				"down": {"uv": [12, 6.5, 10.5, 7], "texture": "#0"}
			}
		},
		{
			"from": [7.5, 8, 6],
			"to": [8.5, 9, 7],
			"rotation": {"angle": 22.5, "axis": "x", "origin": [8, 8, 6]},
			"faces": {
				"north": {"uv": [3, 12, 3.5, 12.5], "texture": "#0"},
				"east": {"uv": [12, 3, 12.5, 3.5], "texture": "#0"},
				"south": {"uv": [3.5, 12, 4, 12.5], "texture": "#0"},
				"west": {"uv": [12, 3.5, 12.5, 4], "texture": "#0"},
				"up": {"uv": [4.5, 12.5, 4, 12], "texture": "#0"},
				"down": {"uv": [12.5, 4, 12, 4.5], "texture": "#0"}
			}
		},
		{
			"from": [7, 9, 5.5],
			"to": [9, 9.5, 7.5],
			"rotation": {"angle": 22.5, "axis": "x", "origin": [8, 8, 6]},
			"faces": {
				"north": {"uv": [11, 10, 12, 10.5], "texture": "#0"},
				"east": {"uv": [11, 10.5, 12, 11], "texture": "#0"},
				"south": {"uv": [11, 11, 12, 11.5], "texture": "#0"},
				"west": {"uv": [11.5, 0, 12.5, 0.5], "texture": "#0"},
				"up": {"uv": [10.5, 9, 9.5, 8], "texture": "#0"},
				"down": {"uv": [10.5, 9, 9.5, 10], "texture": "#0"}
			}
		},
		{
			"from": [7.75, 4, 3.5],
			"to": [8.25, 4.5, 5],
			"rotation": {"angle": 0, "axis": "y", "origin": [0, 0, -1]},
			"faces": {
				"north": {"uv": [9, 12, 9.5, 12.5], "texture": "#0"},
				"east": {"uv": [7.5, 11.5, 8.5, 12], "texture": "#0"},
				"south": {"uv": [12, 9, 12.5, 9.5], "texture": "#0"},
				"west": {"uv": [8.5, 11.5, 9.5, 12], "texture": "#0"},
				"up": {"uv": [11.5, 12.5, 11, 11.5], "texture": "#0"},
				"down": {"uv": [12, 11.5, 11.5, 12.5], "texture": "#0"}
			}
		},
		{
			"from": [7.75, 2.5, 6],
			"to": [8.25, 3, 8],
			"rotation": {"angle": 0, "axis": "y", "origin": [0, 0, -1]},
			"faces": {
				"north": {"uv": [7, 12, 7.5, 12.5], "texture": "#0"},
				"east": {"uv": [3, 11.5, 4, 12], "texture": "#0"},
				"south": {"uv": [12, 7, 12.5, 7.5], "texture": "#0"},
				"west": {"uv": [4, 11.5, 5, 12], "texture": "#0"},
				"up": {"uv": [7.5, 12, 7, 11], "texture": "#0"},
				"down": {"uv": [5.5, 11.5, 5, 12.5], "texture": "#0"}
			}
		},
		{
			"from": [7.75, 1.5, 5.5],
			"to": [8.25, 3, 6],
			"rotation": {"angle": 0, "axis": "y", "origin": [0, 0, -1]},
			"faces": {
				"north": {"uv": [11.5, 5, 12, 6], "texture": "#0"},
				"east": {"uv": [5.5, 11.5, 6, 12.5], "texture": "#0"},
				"south": {"uv": [6, 11.5, 6.5, 12.5], "texture": "#0"},
				"west": {"uv": [6.5, 11.5, 7, 12.5], "texture": "#0"},
				"up": {"uv": [8, 12.5, 7.5, 12], "texture": "#0"},
				"down": {"uv": [12.5, 7.5, 12, 8], "texture": "#0"}
			}
		},
		{
			"from": [7.75, 1.5, 3],
			"to": [8.25, 2, 5.5],
			"rotation": {"angle": 0, "axis": "y", "origin": [0, 0, -1]},
			"faces": {
				"north": {"uv": [8, 12, 8.5, 12.5], "texture": "#0"},
				"east": {"uv": [10.5, 8, 12, 8.5], "texture": "#0"},
				"south": {"uv": [12, 8, 12.5, 8.5], "texture": "#0"},
				"west": {"uv": [10.5, 8.5, 12, 9], "texture": "#0"},
				"up": {"uv": [10, 12, 9.5, 10.5], "texture": "#0"},
				"down": {"uv": [10.5, 10.5, 10, 12], "texture": "#0"}
			}
		},
		{
			"from": [7.75, 2, 3],
			"to": [8.25, 4.5, 3.5],
			"rotation": {"angle": 0, "axis": "y", "origin": [0, 0, -1]},
			"faces": {
				"north": {"uv": [10.5, 10.5, 11, 12], "texture": "#0"},
				"east": {"uv": [0, 11, 0.5, 12.5], "texture": "#0"},
				"south": {"uv": [11, 0, 11.5, 1.5], "texture": "#0"},
				"west": {"uv": [0.5, 11, 1, 12.5], "texture": "#0"},
				"up": {"uv": [9, 12.5, 8.5, 12], "texture": "#0"},
				"down": {"uv": [12.5, 8.5, 12, 9], "texture": "#0"}
			}
		}
	],
	"display": {
		"thirdperson_righthand": {
			"rotation": [22.75, 0, 0],
			"translation": [0, 5.75, 0.75],
			"scale": [0.8, 0.8, 0.8]
		},
		"thirdperson_lefthand": {
			"rotation": [22.75, 0, 0],
			"translation": [0, 5.75, 0.75],
			"scale": [0.8, 0.8, 0.8]
		},
		"firstperson_righthand": {
			"translation": [-0.75, 5.75, -0.25],
			"scale": [0.8, 0.8, 0.8]
		},
		"firstperson_lefthand": {
			"translation": [-0.75, 5.75, -0.25],
			"scale": [0.8, 0.8, 0.8]
		},
		"ground": {
			"translation": [0, 3, 0],
			"scale": [0.5, 0.5, 0.5]
		},
		"gui": {
			"rotation": [30, 45, 0],
			"translation": [0, 2.5, 0]
		},
		"fixed": {
			"rotation": [0, -90, 0],
			"translation": [0, 2.25, -0.75]
		}
	},
	"groups": [
		{
			"name": "gun",
			"origin": [8, 8, 7],
			"color": 0,
			"children": [0, 1, 2, 3, 4, 5, 6, 7, 8, 9, 10, 11, 12, 13, 14, 15, 16, 17]
		},
		{
			"name": "cables",
			"origin": [8, 8, 8],
			"color": 0,
			"children": [
				{
					"name": "front",
					"origin": [8, 8, 8],
					"color": 0,
					"children": [18, 19, 20, 21, 22]
				}
			]
		}
	]
}