{
	"credit": "Made by Mr3DAlien",
	"textures": {
		"0": "custom/alien-packs/base/skin/mr3dalien",
		"1": "custom/alien-packs/base/skin/mapmakers_cape",
		"particle": "custom/alien-packs/base/skin/mr3dalien"
	},
	"elements": [
		{
			"name": "head",
			"from": [4, 24, 4],
			"to": [12, 32, 12],
			"faces": {
				"north": {"uv": [2, 2, 4, 4], "texture": "#0"},
				"east": {"uv": [0, 2, 2, 4], "texture": "#0"},
				"south": {"uv": [0, 2, 2, 4], "texture": "#0"},
				"west": {"uv": [0, 2, 2, 4], "texture": "#0"},
				"up": {"uv": [2, 0, 4, 2], "texture": "#0"},
				"down": {"uv": [4, 0, 6, 2], "texture": "#0"}
			}
		},
		{
			"name": "north",
			"from": [3.75, 26.75, 3.5],
			"to": [12.25, 30.25, 3.5],
			"faces": {
				"north": {"uv": [10, 2.5, 12, 3.25], "texture": "#0"},
				"east": {"uv": [0, 0, 1, 3], "texture": "#missing"},
				"south": {"uv": [10, 2.5, 12, 3.25], "texture": "#0"},
				"west": {"uv": [0, 0, 1, 3], "texture": "#missing"},
				"up": {"uv": [0, 0, 8, 1], "texture": "#missing"},
				"down": {"uv": [0, 0, 8, 1], "texture": "#missing"}
			}
		},
		{
			"name": "east",
			"from": [12.25, 27, 3.5],
			"to": [12.25, 29, 7.5],
			"faces": {
				"north": {"uv": [0, 0, 0, 2], "texture": "#missing"},
				"east": {"uv": [9, 2.75, 10, 3.25], "texture": "#0"},
				"south": {"uv": [0, 0, 0, 2], "texture": "#missing"},
				"west": {"uv": [12, 2.75, 13, 3.25], "texture": "#0"},
				"up": {"uv": [0, 0, 0, 4], "texture": "#missing"},
				"down": {"uv": [0, 0, 0, 4], "texture": "#missing"}
			}
		},
		{
			"name": "west",
			"from": [3.75, 27, 3.5],
			"to": [3.75, 29, 7.5],
			"faces": {
				"north": {"uv": [0, 0, 0, 2], "texture": "#missing"},
				"east": {"uv": [9, 2.75, 10, 3.25], "texture": "#0"},
				"south": {"uv": [0, 0, 0, 2], "texture": "#missing"},
				"west": {"uv": [12, 2.75, 13, 3.25], "texture": "#0"},
				"up": {"uv": [0, 0, 0, 4], "texture": "#missing"},
				"down": {"uv": [0, 0, 0, 4], "texture": "#missing"}
			}
		},
		{
			"name": "left",
			"from": [12, 12, 6],
			"to": [16, 24, 10],
			"faces": {
				"north": {"uv": [11, 5, 12, 8], "texture": "#0"},
				"east": {"uv": [10, 5, 11, 8], "texture": "#0"},
				"south": {"uv": [13, 5, 14, 8], "texture": "#0"},
				"west": {"uv": [12, 5, 13, 8], "texture": "#0"},
				"up": {"uv": [11, 4, 12, 5], "texture": "#0"},
				"down": {"uv": [12, 4, 13, 5], "texture": "#0"}
			}
		},
		{
			"name": "right",
			"from": [0, 12, 6],
			"to": [4, 24, 10],
			"faces": {
				"north": {"uv": [9, 13, 10, 16], "texture": "#0"},
				"east": {"uv": [8, 13, 9, 16], "texture": "#0"},
				"south": {"uv": [11, 13, 12, 16], "texture": "#0"},
				"west": {"uv": [10, 13, 11, 16], "texture": "#0"},
				"up": {"uv": [9, 12, 10, 13], "texture": "#0"},
				"down": {"uv": [10, 12, 11, 13], "texture": "#0"}
			}
		},
		{
			"name": "body",
			"from": [4, 12, 6],
			"to": [12, 24, 10],
			"faces": {
				"north": {"uv": [5, 5, 7, 8], "texture": "#0"},
				"east": {"uv": [4, 5, 5, 8], "texture": "#0"},
				"south": {"uv": [8, 5, 10, 8], "texture": "#0"},
				"west": {"uv": [7, 5, 8, 8], "texture": "#0"},
				"up": {"uv": [5, 4, 7, 5], "texture": "#0"},
				"down": {"uv": [7, 4, 9, 5], "texture": "#0"}
			}
		},
		{
			"name": "left",
			"from": [11, 8, -7],
			"to": [15, 12, 5],
			"rotation": {"angle": -22.5, "axis": "y", "origin": [0, 0, 0]},
			"faces": {
				"north": {"uv": [2, 4, 3, 5], "rotation": 180, "texture": "#0"},
				"east": {"uv": [0, 5, 1, 8], "rotation": 270, "texture": "#0"},
				"south": {"uv": [1, 4, 2, 5], "texture": "#0"},
				"west": {"uv": [2, 5, 3, 8], "rotation": 90, "texture": "#0"},
				"up": {"uv": [1, 5, 2, 8], "rotation": 180, "texture": "#0"},
				"down": {"uv": [3, 5, 4, 8], "texture": "#0"}
			}
		},
		{
			"name": "right",
			"from": [0, 8, -1],
			"to": [4, 12, 11],
			"rotation": {"angle": 22.5, "axis": "y", "origin": [0, 0, 0]},
			"faces": {
				"north": {"uv": [6, 12, 7, 13], "rotation": 180, "texture": "#0"},
				"east": {"uv": [4, 13, 5, 16], "rotation": 270, "texture": "#0"},
				"south": {"uv": [5, 12, 6, 13], "texture": "#0"},
				"west": {"uv": [6, 13, 7, 16], "rotation": 90, "texture": "#0"},
				"up": {"uv": [5, 13, 6, 16], "rotation": 180, "texture": "#0"},
				"down": {"uv": [7, 13, 8, 16], "texture": "#0"}
			}
		},
		{
			"from": [3, 2, 18],
			"to": [13, 18, 19],
			"rotation": {"angle": -22.5, "axis": "x", "origin": [0, 0, 0]},
			"faces": {
				"north": {"uv": [6, 0.5, 11, 8.5], "texture": "#1"},
				"east": {"uv": [5.5, 0.5, 6, 8.5], "texture": "#1"},
				"south": {"uv": [0.5, 0.5, 5.5, 8.5], "texture": "#1"},
				"west": {"uv": [0, 0.5, 0.5, 8.5], "texture": "#1"},
				"up": {"uv": [0.5, 0, 5.5, 0.5], "texture": "#1"},
				"down": {"uv": [5.5, 0, 10.5, 0.5], "texture": "#1"}
			}
		}
	],
	"display": {
		"thirdperson_righthand": {
			"rotation": [75, 45, 0],
			"translation": [0, 0.5, 0],
			"scale": [0.375, 0.375, 0.375]
		},
		"thirdperson_lefthand": {
			"rotation": [75, 45, 0],
			"translation": [0, 0.5, 0],
			"scale": [0.375, 0.375, 0.375]
		},
		"firstperson_righthand": {
			"rotation": [0, 127.5, 0],
			"scale": [0.4, 0.4, 0.4]
		},
		"firstperson_lefthand": {
			"rotation": [0, 127.5, 0],
			"scale": [0.4, 0.4, 0.4]
		},
		"ground": {
			"translation": [0, 3, 0],
			"scale": [0.25, 0.25, 0.25]
		},
		"gui": {
			"rotation": [30, 225, 0],
			"translation": [0, -4, 0],
			"scale": [0.45, 0.45, 0.45]
		},
		"head": {
			"translation": [0, 6.5, 0],
			"scale": [0.75, 0.75, 0.75]
		},
		"fixed": {
			"translation": [0, -4, 0],
			"scale": [0.5, 0.5, 0.5]
		}
	},
	"groups": [
		{
			"name": "head",
			"origin": [0, 0, 0],
			"color": 0,
			"children": [0,
				{
					"name": "second layer",
					"origin": [0, 0, 0],
					"color": 0,
					"children": [1, 2, 3]
				}
			]
		},
		{
			"name": "hands",
			"origin": [8, 8, 8],
			"color": 0,
			"children": [4, 5]
		}, 6,
		{
			"name": "Legs",
			"origin": [8, 8, 8],
			"color": 0,
			"children": [7, 8]
		}, 9]
}