{
    "custom.alien-packs.light_sabers.lightsaber": {
        "subtitle": "Lightsaber Ignite",
        "replace": false,
        "sounds": [
            {
                "name": "custom/alien-packs/light_sabers/lightsaber",
                "volume": 1,
                "weight": 1,
                "pitch": 1,
                "attenuation_distance": 16,
                "stream": false,
                "preload": false
            }
        ]
    },
    "custom.alien-packs.light_sabers.lightsaber_turn_off": {
        "subtitle": "Lightsaber Turn Off Sound",
        "replace": false,
        "sounds": [
            {
                "name": "custom/alien-packs/light_sabers/lightsaber_turn_off",
                "volume": 1,
                "weight": 1,
                "pitch": 1,
                "attenuation_distance": 16,
                "stream": false,
                "preload": false
            }
        ]
    },
    "custom.alien-packs.light_sabers.vader_breathing": {
        "subtitle": "Darth Vader Breathing",
        "replace": false,
        "sounds": [
            {
                "name": "custom/alien-packs/light_sabers/vader_breathing",
                "volume": 1,
                "weight": 1,
                "pitch": 1,
                "attenuation_distance": 16,
                "stream": false,
                "preload": false
            }
        ]
    },
    "custom.alien-packs.light_sabers.vader_broken_breathing": {
        "subtitle": "Darth Vader Broken Breathing",
        "replace": false,
        "sounds": [
            {
                "name": "custom/alien-packs/light_sabers/vader_broken_breathing",
                "volume": 1,
                "weight": 1,
                "pitch": 1,
                "attenuation_distance": 16,
                "stream": false,
                "preload": false
            }
        ]
    },
    "custom.alien-packs.light_sabers.lightsaber_kylo": {
        "subtitle": "Kylo Ren Lightsaber Ignite",
        "replace": false,
        "sounds": [
            {
                "name": "custom/alien-packs/light_sabers/lightsaber_kylo",
                "volume": 1,
                "weight": 1,
                "pitch": 1,
                "attenuation_distance": 16,
                "stream": false,
                "preload": false
            }
        ]
    },
    "custom.alien-packs.light_sabers.lightsaber_kylo_turn_off": {
        "subtitle": "Kylo Ren Lightsaber Turn Off Sound",
        "replace": false,
        "sounds": [
            {
                "name": "custom/alien-packs/light_sabers/lightsaber_kylo_turn_off",
                "volume": 1,
                "weight": 1,
                "pitch": 1,
                "attenuation_distance": 16,
                "stream": false,
                "preload": false
            }
        ]
    }
}