{
    "temperature": 2,
    "downfall": 0,
    "precipitation": "none",
    "effects": {
      "sky_color": 16628337,
      "fog_color": 15760765,
      "water_color": 4159204,
      "water_fog_color": 329011,
      "mood_sound": {
        "sound": "minecraft:ambient.cave",
        "tick_delay": 6000,
        "block_search_extent": 8,
        "offset": 2
      },
      "music": {
        "sound": "ap-rm_portalgun:music.house_of_madness",
        "min_delay": 12000,
        "max_delay": 24000,
        "replace_current_music": false
      }
    },
    "spawners": {
      "ambient": [
        {
          "type": "minecraft:bat",
          "weight": 10,
          "minCount": 8,
          "maxCount": 8
        }
      ],
      "axolotls": [],
      "creature": [
        {
          "type": "minecraft:rabbit",
          "weight": 4,
          "minCount": 2,
          "maxCount": 3
        }
      ],
      "misc": [],
      "monster": [
        {
          "type": "minecraft:spider",
          "weight": 100,
          "minCount": 4,
          "maxCount": 4
        },
        {
          "type": "minecraft:zombie",
          "weight": 19,
          "minCount": 4,
          "maxCount": 4
        },
        {
          "type": "minecraft:zombie_villager",
          "weight": 1,
          "minCount": 1,
          "maxCount": 1
        },
        {
          "type": "minecraft:skeleton",
          "weight": 100,
          "minCount": 4,
          "maxCount": 4
        },
        {
          "type": "minecraft:creeper",
          "weight": 100,
          "minCount": 4,
          "maxCount": 4
        },
        {
          "type": "minecraft:slime",
          "weight": 100,
          "minCount": 4,
          "maxCount": 4
        },
        {
          "type": "minecraft:enderman",
          "weight": 10,
          "minCount": 1,
          "maxCount": 4
        },
        {
          "type": "minecraft:witch",
          "weight": 5,
          "minCount": 1,
          "maxCount": 1
        },
        {
          "type": "minecraft:husk",
          "weight": 80,
          "minCount": 4,
          "maxCount": 4
        }
      ],
      "underground_water_creature": [
        {
          "type": "minecraft:glow_squid",
          "weight": 10,
          "minCount": 4,
          "maxCount": 6
        }
      ],
      "water_ambient": [],
      "water_creature": []
    },
    "spawn_costs": {},
    "carvers": {
      "air": [
        "minecraft:cave",
        "minecraft:cave_extra_underground",
        "minecraft:canyon"
      ]
    },
    "features": [
      [],
      [
        "minecraft:lake_lava_underground",
        "minecraft:lake_lava_surface"
      ],
      [
        "minecraft:amethyst_geode"
      ],
      [
        "minecraft:fossil_upper",
        "minecraft:fossil_lower",
        "minecraft:monster_room",
        "minecraft:monster_room_deep"
      ],
      [
        "minecraft:desert_well"
      ],
      [],
      [
        "minecraft:ore_dirt",
        "minecraft:ore_gravel",
        "minecraft:ore_granite_upper",
        "minecraft:ore_granite_lower",
        "minecraft:ore_diorite_upper",
        "minecraft:ore_diorite_lower",
        "minecraft:ore_andesite_upper",
        "minecraft:ore_andesite_lower",
        "minecraft:ore_tuff",
        "minecraft:ore_coal_upper",
        "minecraft:ore_coal_lower",
        "minecraft:ore_redstone",
        "minecraft:ore_redstone_lower",
        "ap-rm_portalgun:desert_world/ore_redstone_extra",
        "minecraft:disk_sand",
        "minecraft:disk_clay",
        "minecraft:disk_gravel"
      ],
      [],
      [
        "minecraft:spring_lava"
      ],
      [
        "minecraft:glow_lichen",
        "minecraft:patch_dead_bush_2",
        "minecraft:brown_mushroom_normal",
        "minecraft:red_mushroom_normal",
        "minecraft:patch_sugar_cane_desert",
        "minecraft:patch_cactus_desert"
      ],
      []
    ]
  }
  