{
  "temperature": 0.8,
  "downfall": 0.4,
  "precipitation": "none",
  "effects": {
    "sky_color": 7907327,
    "fog_color": 12638463,
    "water_color": 5961968,
    "water_fog_color": 2356715,
    "grass_color": 7464009,
    "foliage_color": 7793711,
    "music": {
      "sound": "ap-rm_portalgun:music.howling_peaks",
      "min_delay": 12000,
      "max_delay": 24000,
      "replace_current_music": false
    }
  },
  "spawners": {
    "creature": [
      {
        "type": "minecraft:sheep",
        "weight": 12,
        "minCount": 4,
        "maxCount": 4
      },
      {
        "type": "minecraft:pig",
        "weight": 10,
        "minCount": 4,
        "maxCount": 4
      },
      {
        "type": "minecraft:chicken",
        "weight": 10,
        "minCount": 4,
        "maxCount": 4
      },
      {
        "type": "minecraft:cow",
        "weight": 8,
        "minCount": 4,
        "maxCount": 4
      },
      {
        "type": "minecraft:horse",
        "weight": 5,
        "minCount": 2,
        "maxCount": 6
      },
      {
        "type": "minecraft:donkey",
        "weight": 1,
        "minCount": 1,
        "maxCount": 3
      }
    ],
    "axolotls": [],
    "underground_water_creature": [
      {
        "type": "minecraft:glow_squid",
        "weight": 10,
        "minCount": 4,
        "maxCount": 6
      }
    ],
    "water_creature": [],
    "water_ambient": [],
    "misc": []
  },
  "spawn_costs": {},
  "carvers": {},
  "features": [
    [],
    [],
    [
      "ap-rm_portalgun:glass_world/amethyst_geode"
    ],
    [
    ],
    [],
    [],
    [
      "ap-rm_portalgun:glass_world/ore_granite_upper",
      "ap-rm_portalgun:glass_world/ore_granite_lower",
      "ap-rm_portalgun:glass_world/ore_diorite_upper",
      "ap-rm_portalgun:glass_world/ore_diorite_lower",
      "ap-rm_portalgun:glass_world/ore_gold_lower",
      "ap-rm_portalgun:glass_world/ore_diamond",
      "ap-rm_portalgun:glass_world/ore_diamond_large",
      "ap-rm_portalgun:glass_world/ore_diamond_buried",
      "ap-rm_portalgun:glass_world/ore_copper"
    ],
    [],
    [
      "minecraft:spring_water"
    ],
    [
      "ap-rm_portalgun:glass_world/trees"
    ],
    [
      "minecraft:freeze_top_layer"
    ]
  ]
}
