{
  "temperature": 0.7,
  "downfall": 0.8,
  "precipitation": "none",
  "effects": {
    "sky_color": 2236448,
    "fog_color": 4341310,
    "water_color": 4410744,
    "water_fog_color": 5925283,
    "grass_color": 4410744,
    "foliage_color": 3093585,
    "mood_sound": {
      "sound": "minecraft:ambient.cave",
      "tick_delay": 6000,
      "block_search_extent": 8,
      "offset": 2
    },
    "music": {
      "sound": "ap-rm_portalgun:music.strange_occurance",
      "min_delay": 12000,
      "max_delay": 24000,
      "replace_current_music": false
    },
    "particle": {
      "options": {
        "type": "minecraft:smoke"
      },
      "probability": 0.1
    }
  },
  "spawners": {
    "ambient": [],
    "axolotls": [],
    "misc": [],
    "monster": [
      {
        "type": "minecraft:wither_skeleton",
        "weight": 100,
        "minCount": 1,
        "maxCount": 3
      }
    ],
    "underground_water_creature": [],
    "water_ambient": [],
    "water_creature": []
  },
  "spawn_costs": {},
  "carvers": {
    "air": [
      "minecraft:cave",
      "minecraft:cave_extra_underground",
      "minecraft:canyon"
    ]
  },
  "features": [
    [],
    [
      "minecraft:lake_lava_underground",
      "minecraft:lake_lava_surface"
    ],
    [
      "minecraft:amethyst_geode"
    ],
    [
      "minecraft:monster_room",
      "minecraft:monster_room_deep"
    ],
    [],
    [],
    [
      "minecraft:ore_dirt",
      "minecraft:ore_gravel",
      "minecraft:ore_granite_upper",
      "minecraft:ore_granite_lower",
      "minecraft:ore_diorite_upper",
      "minecraft:ore_diorite_lower",
      "minecraft:ore_andesite_upper",
      "minecraft:ore_andesite_lower",
      "minecraft:ore_tuff",
      "ap-rm_portalgun:the_abyss/ore_coal_block_middle",
      "ap-rm_portalgun:the_abyss/ore_coal_block_small",
      "ap-rm_portalgun:the_abyss/ore_coal_block_upper",
      "minecraft:underwater_magma",
      "minecraft:disk_sand",
      "minecraft:disk_clay",
      "minecraft:disk_gravel"
    ],
    [],
    [
      "minecraft:spring_water",
      "minecraft:spring_lava"
    ],
    [
      "minecraft:glow_lichen",
      "ap-rm_portalgun:the_abyss/trees",
      "ap-rm_portalgun:the_abyss/flower_default",
      "minecraft:patch_grass_badlands",
      "minecraft:brown_mushroom_normal",
      "minecraft:red_mushroom_normal",
      "minecraft:patch_sugar_cane",
      "minecraft:patch_pumpkin"
    ],
    [
      "minecraft:freeze_top_layer"
    ]
  ]
}
