{
  "display": {
    "icon": {
      "item": "minecraft:bat_spawn_egg",
      "nbt": "{CustomModelData:1}"
    },
    "title": {
      "translate": "advancements.alien-packs.rm_portalgun.get_capsule_filler.title"
    },
    "description": {
      "translate": "advancements.alien-packs.rm_portalgun.get_capsule_filler.description"
    },
    "frame": "task",
    "show_toast": true,
    "announce_to_chat": false,
    "hidden": false
  },
  "parent": "ap-rm_portalgun:machines/get_portal_placer",
  "criteria": {
    "get_capsule_filler": {
      "trigger": "minecraft:inventory_changed",
      "conditions": {
        "items": [
          {
            "items": [
              "minecraft:bat_spawn_egg"
            ],
            "nbt": "{CustomModelData:1}"
          }
        ]
      }
    }
  },
  "requirements": [
    [
      "get_capsule_filler"
    ]
  ]
}
