{
  "parent": "minecraft:item/generated",
  "textures": {
    "layer0": "minecraft:item/shears"
  },
  "overrides": [
		{ "predicate": { "custom_model_data": 1 }, "model": "custom/alien-packs/base/advancement/mr3dalien_animated"},
    { "predicate": { "custom_model_data": 2 }, "model": "custom/alien-packs/light_sabers/advancement/star_wars"},
    { "predicate": { "custom_model_data": 3 }, "model": "custom/alien-packs/light_sabers/advancement/unlimited_powaaa"},
    { "predicate": { "custom_model_data": 4 }, "model": "custom/alien-packs/light_sabers/advancement/force"},
    { "predicate": { "custom_model_data": 5 }, "model": "custom/alien-packs/light_sabers/advancement/force_choke"}
	]
}