{
  "display": {
    "icon": {
      "item": "minecraft:diamond_hoe",
      "nbt": "{CustomModelData:1}"
    },
    "title": {
      "translate": "advancements.alien-packs.rm_portalgun.visit_dimension.title"
    },
    "description": {
      "translate": "advancements.alien-packs.rm_portalgun.visit_dimension.description"
    },
    "frame": "task",
    "show_toast": true,
    "announce_to_chat": false,
    "hidden": false
  },
  "parent": "ap-rm_portalgun:portal_gun/fill_portal_gun",
  "criteria": {
    "visit_dimension": {
      "trigger": "minecraft:impossible",
      "conditions": {}
    }
  },
  "requirements": [
    [
      "visit_dimension"
    ]
  ]
}
