{
    "temperature": 0.7,
    "downfall": 0.8,
    "precipitation": "rain",
    "effects": {
      "sky_color": 7405568,
      "fog_color": 3080192,
      "water_color": 2389531,
      "water_fog_color": 1195278,
      "grass_color": 2200184,
      "foliage_color": 3066792,
      "grass_color_modifier": "dark_forest",
      "mood_sound": {
        "sound": "minecraft:ambient.cave",
        "tick_delay": 6000,
        "block_search_extent": 8,
        "offset": 2
      },
      "music": {
        "sound": "ap-rm_portalgun:music.shivers",
        "min_delay": 12000,
        "max_delay": 24000,
        "replace_current_music": false
      }
    },
    "spawners": {
      "ambient": [
        {
          "type": "minecraft:bat",
          "weight": 10,
          "minCount": 8,
          "maxCount": 8
        }
      ],
      "axolotls": [],
      "creature": [
        {
          "type": "minecraft:sheep",
          "weight": 12,
          "minCount": 4,
          "maxCount": 4
        },
        {
          "type": "minecraft:pig",
          "weight": 10,
          "minCount": 4,
          "maxCount": 4
        },
        {
          "type": "minecraft:chicken",
          "weight": 10,
          "minCount": 4,
          "maxCount": 4
        },
        {
          "type": "minecraft:cow",
          "weight": 8,
          "minCount": 4,
          "maxCount": 4
        }
      ],
      "misc": [],
      "monster": [
        {
          "type": "minecraft:spider",
          "weight": 100,
          "minCount": 4,
          "maxCount": 4
        },
        {
          "type": "minecraft:zombie",
          "weight": 95,
          "minCount": 4,
          "maxCount": 4
        },
        {
          "type": "minecraft:zombie_villager",
          "weight": 5,
          "minCount": 1,
          "maxCount": 1
        },
        {
          "type": "minecraft:skeleton",
          "weight": 100,
          "minCount": 4,
          "maxCount": 4
        },
        {
          "type": "minecraft:creeper",
          "weight": 100,
          "minCount": 4,
          "maxCount": 4
        },
        {
          "type": "minecraft:slime",
          "weight": 100,
          "minCount": 4,
          "maxCount": 4
        },
        {
          "type": "minecraft:enderman",
          "weight": 10,
          "minCount": 1,
          "maxCount": 4
        },
        {
          "type": "minecraft:witch",
          "weight": 5,
          "minCount": 1,
          "maxCount": 1
        }
      ],
      "underground_water_creature": [
        {
          "type": "minecraft:glow_squid",
          "weight": 10,
          "minCount": 4,
          "maxCount": 6
        }
      ],
      "water_ambient": [],
      "water_creature": []
    },
    "spawn_costs": {},
    "carvers": {
      "air": [
        "minecraft:cave",
        "minecraft:cave_extra_underground",
        "minecraft:canyon"
      ]
    },
    "features": [
      [],
      [
        "minecraft:lake_lava_underground",
        "minecraft:lake_lava_surface"
      ],
      [
        "minecraft:amethyst_geode"
      ],
      [
        "minecraft:monster_room",
        "minecraft:monster_room_deep"
      ],
      [],
      [],
      [
        "minecraft:ore_dirt",
        "minecraft:ore_gravel",
        "minecraft:ore_granite_upper",
        "minecraft:ore_granite_lower",
        "minecraft:ore_diorite_upper",
        "minecraft:ore_diorite_lower",
        "minecraft:ore_andesite_upper",
        "minecraft:ore_andesite_lower",
        "minecraft:ore_tuff",
        "minecraft:ore_coal_upper",
        "minecraft:ore_coal_lower",
        "minecraft:ore_iron_upper",
        "minecraft:ore_iron_middle",
        "minecraft:ore_iron_small",
        "minecraft:ore_gold",
        "minecraft:ore_gold_lower",
        "minecraft:ore_redstone",
        "minecraft:ore_redstone_lower",
        "minecraft:ore_diamond",
        "minecraft:ore_diamond_large",
        "minecraft:ore_diamond_buried",
        "minecraft:ore_lapis",
        "minecraft:ore_lapis_buried",
        "minecraft:ore_copper",
        "minecraft:underwater_magma",
        "minecraft:disk_sand",
        "minecraft:disk_clay",
        "minecraft:disk_gravel"
      ],
      [],
      [
        "minecraft:spring_water",
        "minecraft:spring_lava"
      ],
      [
        "minecraft:glow_lichen",
        "minecraft:dark_forest_vegetation",
        "minecraft:forest_flowers",
        "minecraft:flower_default",
        "minecraft:patch_grass_forest",
        "minecraft:brown_mushroom_normal",
        "minecraft:red_mushroom_normal",
        "minecraft:patch_sugar_cane",
        "minecraft:patch_pumpkin"
      ],
      [
        "minecraft:freeze_top_layer"
      ]
    ]
  }
  