{
  "temperature": 0.7,
  "downfall": 0.8,
  "precipitation": "rain",
  "effects": {
    "sky_color": 2281110,
    "fog_color": 5759926,
    "water_color": 2281110,
    "water_fog_color": 6940606,
    "grass_color": 2281110,
    "foliage_color": 2281110,
    "grass_color_modifier": "none",
    "mood_sound": {
      "sound": "minecraft:ambient.cave",
      "tick_delay": 6000,
      "block_search_extent": 8,
      "offset": 2
    },
    "music": {
      "sound": "ap-rm_portalgun:music.the_source",
      "min_delay": 12000,
      "max_delay": 24000,
      "replace_current_music": false
    }
  },
  "spawners": {
    "ambient": [],
    "axolotls": [],
    "creature": [
      {
        "type": "minecraft:strider",
        "weight": 60,
        "minCount": 1,
        "maxCount": 2
      }
    ],
    "misc": [],
    "monster": [
      {
        "type": "minecraft:zombified_piglin",
        "weight": 1,
        "minCount": 2,
        "maxCount": 4
      },
      {
        "type": "minecraft:hoglin",
        "weight": 9,
        "minCount": 3,
        "maxCount": 4
      },
      {
        "type": "minecraft:piglin",
        "weight": 5,
        "minCount": 3,
        "maxCount": 4
      }
    ],
    "underground_water_creature": [],
    "water_ambient": [],
    "water_creature": []
  },
  "spawn_costs": {},
  "carvers": {
    "air": [
      "minecraft:cave",
      "minecraft:cave_extra_underground",
      "minecraft:canyon"
    ]
  },
  "features": [
    [],
    [],
    [],
    [],
    [],
    [],
    [],
    [
      "minecraft:spring_open",
      "minecraft:patch_fire",
      "minecraft:glowstone_extra",
      "minecraft:glowstone",
      "minecraft:ore_magma",
      "ap-rm_portalgun:warped_world/ore_coal_lower",
      "minecraft:spring_closed",
      "minecraft:ore_gravel_nether",
      "minecraft:ore_blackstone",
      "minecraft:ore_gold_nether",
      "minecraft:ore_quartz_nether",
      "minecraft:ore_ancient_debris_large",
      "minecraft:ore_debris_small"
    ],
    [],
    [
      "minecraft:spring_lava",
      "minecraft:brown_mushroom_normal",
      "minecraft:red_mushroom_normal",
      "minecraft:weeping_vines",
      "ap-rm_portalgun:warped_world/tree",
      "minecraft:warped_forest_vegetation"
    ]
  ]
}
