{
  "parent": "ap-light_sabers:root",
  "display": {
    "icon": {
      "item": "minecraft:warped_fungus_on_a_stick",
      "nbt": "{CustomModelData:7}"
    },
    "title": {
      "translate": "\u00a7d\u00a7oThis party's over."
    },
    "description": {
      "translate": "Aquire yourself a mace windu light saber. \u00a74[Can mostly be found in end citys]"
    },
    "frame": "task",
    "show_toast": true,
    "announce_to_chat": false,
    "hidden": false
  },
  "criteria": {
    "warped_fungus_on_a_stick": {
      "trigger": "minecraft:inventory_changed",
      "conditions": {
        "items": [
          {
            "items": [
              "minecraft:warped_fungus_on_a_stick"
            ],
            "nbt": "{CustomModelData:7}"
          }
        ]
      }
    }
  },
  "requirements": [
    [
      "warped_fungus_on_a_stick"
    ]
  ]
}