{
  "parent": "ap-light_sabers:light_sabers/get_vader_saber",
  "display": {
    "icon": {
      "item": "minecraft:warped_fungus_on_a_stick",
      "nbt": "{CustomModelData:11}"
    },
    "title": {
      "translate": "\u00a7a\u00a7oYou\u2019ll find I\u2019m full of surprises."
    },
    "description": {
      "translate": "Aquire yourself a luke light saber. \u00a74[Can mostly be found in jungle temples]"
    },
    "frame": "task",
    "show_toast": true,
    "announce_to_chat": false,
    "hidden": false
  },
  "criteria": {
    "warped_fungus_on_a_stick": {
      "trigger": "minecraft:inventory_changed",
      "conditions": {
        "items": [
          {
            "items": [
              "minecraft:warped_fungus_on_a_stick"
            ],
            "nbt": "{CustomModelData:11}"
          }
        ]
      }
    }
  },
  "requirements": [
    [
      "warped_fungus_on_a_stick"
    ]
  ]
}