{
  "parent": "ap-light_sabers:light_sabers/get_luke_saber",
  "display": {
    "icon": {
      "item": "minecraft:warped_fungus_on_a_stick",
      "nbt": "{CustomModelData:5}"
    },
    "title": {
      "translate": "\u00a74\u00a7oDon't be afraid. I feel it too."
    },
    "description": {
      "translate": "Aquire yourself a kylo ren light saber. \u00a74[Can mostly be found in nether fortresses]"
    },
    "frame": "task",
    "show_toast": true,
    "announce_to_chat": false,
    "hidden": false
  },
  "criteria": {
    "warped_fungus_on_a_stick": {
      "trigger": "minecraft:inventory_changed",
      "conditions": {
        "items": [
          {
            "items": [
              "minecraft:warped_fungus_on_a_stick"
            ],
            "nbt": "{CustomModelData:5}"
          }
        ]
      }
    }
  },
  "requirements": [
    [
      "warped_fungus_on_a_stick"
    ]
  ]
}