[
    {
        "condition": "minecraft:entity_scores",
        "entity": "this",
        "scores": {
            "ap-rm_portal_click": {
                "min": 1
            }
        }
    },
    {
        "condition": "minecraft:entity_properties",
        "entity": "this",
        "predicate": {
            "equipment": {
                "mainhand": {
                    "items": [
                        "minecraft:warped_fungus_on_a_stick"
                    ],
                    "nbt": "{RMActive:1b}"
                }
            }
        }
    }
]