{
	"credit": "Made by Mr3DAlien",
	"textures": {
		"0": "custom/alien-packs/light_sabers/item/light_saber/kylo_handle",
		"1": "custom/alien-packs/light_sabers/item/light_saber/red_blade_outside",
		"2": "custom/alien-packs/light_sabers/item/light_saber/red_blade_inside",
		"particle": "custom/alien-packs/light_sabers/item/light_saber/kylo_handle"
	},
	"elements": [
		{
			"from": [6.75, -3, 6.75],
			"to": [9.25, -2, 9.25],
			"faces": {
				"north": {"uv": [9, 2, 11.5, 3], "texture": "#0"},
				"east": {"uv": [9, 2, 11.5, 3], "texture": "#0"},
				"south": {"uv": [9, 2, 11.5, 3], "texture": "#0"},
				"west": {"uv": [9, 2, 11.5, 3], "texture": "#0"},
				"up": {"uv": [12, 2, 14.5, 4], "texture": "#0"},
				"down": {"uv": [12, 2, 14.5, 4], "texture": "#0"}
			}
		},
		{
			"from": [9.5, -6, 7],
			"to": [11.5, -4, 9],
			"faces": {
				"north": {"uv": [9, 0, 11, 2], "rotation": 180, "texture": "#0"},
				"east": {"uv": [11, 0, 13, 2], "rotation": 180, "texture": "#0"},
				"south": {"uv": [9, 0, 11, 2], "texture": "#0"},
				"west": {"uv": [11, 0, 13, 2], "rotation": 180, "texture": "#0"},
				"up": {"uv": [9, 0, 11, 2], "texture": "#0"},
				"down": {"uv": [9, 0, 11, 2], "texture": "#0"}
			}
		},
		{
			"from": [4.5, -6, 7],
			"to": [6.5, -4, 9],
			"faces": {
				"north": {"uv": [9, 0, 11, 2], "texture": "#0"},
				"east": {"uv": [11, 0, 13, 2], "texture": "#0"},
				"south": {"uv": [9, 0, 11, 2], "texture": "#0"},
				"west": {"uv": [11, 0, 13, 2], "texture": "#0"},
				"up": {"uv": [9, 0, 11, 2], "rotation": 180, "texture": "#0"},
				"down": {"uv": [9, 0, 11, 2], "texture": "#0"}
			}
		},
		{
			"from": [6.5, -9, 6.5],
			"to": [9.5, -3, 9.5],
			"faces": {
				"north": {"uv": [0, 0, 3, 6], "texture": "#0"},
				"east": {"uv": [3, 0, 6, 6], "texture": "#0"},
				"south": {"uv": [3, 0, 6, 6], "texture": "#0"},
				"west": {"uv": [3, 0, 6, 6], "texture": "#0"},
				"up": {"uv": [6, 0, 9, 3], "texture": "#0"},
				"down": {"uv": [6, 0, 9, 3], "texture": "#0"}
			}
		},
		{
			"from": [6.75, -16, 6.75],
			"to": [9.25, -9, 9.25],
			"faces": {
				"north": {"uv": [0, 6, 2.5, 13], "texture": "#0"},
				"east": {"uv": [3, 6, 5.5, 13], "texture": "#0"},
				"south": {"uv": [3, 6, 5.5, 13], "texture": "#0"},
				"west": {"uv": [3, 6, 5.5, 13], "texture": "#0"},
				"up": {"uv": [6, 6, 8.5, 8], "texture": "#0"},
				"down": {"uv": [6, 6, 8.5, 8], "texture": "#0"}
			}
		},
		{
			"from": [7.5, -6, 6.25],
			"to": [8.5, -5, 6.5],
			"faces": {
				"north": {"uv": [6, 3, 7, 4], "texture": "#0"},
				"east": {"uv": [6, 3, 7, 4], "texture": "#0"},
				"south": {"uv": [6, 3, 7, 4], "texture": "#0"},
				"west": {"uv": [6, 3, 7, 4], "texture": "#0"},
				"up": {"uv": [6, 3, 7, 4], "texture": "#0"},
				"down": {"uv": [6, 3, 7, 4], "texture": "#0"}
			}
		},
		{
			"from": [6.75, -2, 6.75],
			"to": [9.25, 32, 9.25],
			"faces": {
				"north": {"uv": [0, 1, 2.5, 16], "texture": "#1"},
				"east": {"uv": [0, 1, 2.5, 16], "texture": "#1"},
				"south": {"uv": [0, 1, 2.5, 16], "texture": "#1"},
				"west": {"uv": [0, 1, 2.5, 16], "texture": "#1"},
				"up": {"uv": [3, 0, 5.5, 2], "texture": "#1"},
				"down": {"uv": [3, 0, 5.5, 2], "texture": "#1"}
			}
		},
		{
			"from": [2.5, -5.5, 7.5],
			"to": [4.5, -4.5, 8.5],
			"faces": {
				"north": {"uv": [3, 0, 5, 1], "texture": "#1"},
				"east": {"uv": [3, 0, 4, 1], "texture": "#1"},
				"south": {"uv": [3, 0, 5, 1], "texture": "#1"},
				"west": {"uv": [3, 0, 4, 1], "texture": "#1"},
				"up": {"uv": [3, 0, 4, 1], "texture": "#1"},
				"down": {"uv": [3, 0, 5, 1], "texture": "#1"}
			}
		},
		{
			"from": [11.5, -5.5, 7.5],
			"to": [13.5, -4.5, 8.5],
			"faces": {
				"north": {"uv": [3, 0, 5, 1], "texture": "#1"},
				"east": {"uv": [3, 0, 4, 1], "texture": "#1"},
				"south": {"uv": [3, 0, 5, 1], "texture": "#1"},
				"west": {"uv": [3, 0, 4, 1], "texture": "#1"},
				"up": {"uv": [3, 0, 5, 1], "texture": "#1"},
				"down": {"uv": [3, 0, 5, 1], "texture": "#1"}
			}
		},
		{
			"from": [7.5, -2, 7.5],
			"to": [8.5, 31, 8.5],
			"faces": {
				"north": {"uv": [0, 0, 1, 16], "texture": "#2"},
				"east": {"uv": [0, 0, 1, 16], "texture": "#2"},
				"south": {"uv": [0, 0, 1, 16], "texture": "#2"},
				"west": {"uv": [0, 0, 1, 16], "texture": "#2"},
				"up": {"uv": [0, 0, 1, 1], "texture": "#2"},
				"down": {"uv": [0, 15, 1, 16], "texture": "#2"}
			}
		}
	],
	"display": {
		"thirdperson_righthand": {
			"rotation": [-90, 90, 90],
			"translation": [0, 9, 1.5],
			"scale": [0.5, 0.5, 0.5]
		},
		"thirdperson_lefthand": {
			"rotation": [-90, 90, 90],
			"translation": [0, 9, 1.5],
			"scale": [0.5, 0.5, 0.5]
		},
		"firstperson_righthand": {
			"rotation": [177.86, 81.35, 173.21],
			"translation": [-0.25, 9.5, 1],
			"scale": [0.5, 0.5, 0.5]
		},
		"firstperson_lefthand": {
			"rotation": [177.86, 81.35, 173.21],
			"translation": [-0.25, 9.5, 1],
			"scale": [0.5, 0.5, 0.5]
		},
		"ground": {
			"rotation": [90, 0, 0],
			"scale": [0.5, 0.5, 0.5]
		},
		"gui": {
			"rotation": [-38.07, -14.39, -44.92],
			"scale": [0.4, 0.4, 0.4]
		},
		"fixed": {
			"translation": [0, 0, -0.5],
			"scale": [0.35, 0.35, 0.35]
		}
	},
	"groups": [
		{
			"name": "handle",
			"origin": [8, 8, 8],
			"color": 0,
			"children": [0, 1, 2, 3, 4, 5]
		},
		6,
		7,
		8,
		9
	]
}