{
	"credit": "Made by Mr3DAlien",
	"textures": {
		"0": "custom/alien-packs/light_sabers/item/light_saber/kylo_handle",
		"particle": "custom/alien-packs/light_sabers/item/light_saber/kylo_handle"
	},
	"elements": [
		{
			"from": [6.75, 13, 6.75],
			"to": [9.25, 14, 9.25],
			"faces": {
				"north": {"uv": [9, 2, 11.5, 3], "texture": "#0"},
				"east": {"uv": [9, 2, 11.5, 3], "texture": "#0"},
				"south": {"uv": [9, 2, 11.5, 3], "texture": "#0"},
				"west": {"uv": [9, 2, 11.5, 3], "texture": "#0"},
				"up": {"uv": [12, 2, 14.5, 4], "texture": "#0"},
				"down": {"uv": [12, 2, 14.5, 4], "texture": "#0"}
			}
		},
		{
			"from": [9.5, 10, 7],
			"to": [11.5, 12, 9],
			"faces": {
				"north": {"uv": [9, 0, 11, 2], "rotation": 180, "texture": "#0"},
				"east": {"uv": [11, 0, 13, 2], "rotation": 180, "texture": "#0"},
				"south": {"uv": [9, 0, 11, 2], "texture": "#0"},
				"west": {"uv": [11, 0, 13, 2], "rotation": 180, "texture": "#0"},
				"up": {"uv": [9, 0, 11, 2], "texture": "#0"},
				"down": {"uv": [9, 0, 11, 2], "texture": "#0"}
			}
		},
		{
			"from": [4.5, 10, 7],
			"to": [6.5, 12, 9],
			"faces": {
				"north": {"uv": [9, 0, 11, 2], "texture": "#0"},
				"east": {"uv": [11, 0, 13, 2], "texture": "#0"},
				"south": {"uv": [9, 0, 11, 2], "texture": "#0"},
				"west": {"uv": [11, 0, 13, 2], "texture": "#0"},
				"up": {"uv": [9, 0, 11, 2], "rotation": 180, "texture": "#0"},
				"down": {"uv": [9, 0, 11, 2], "texture": "#0"}
			}
		},
		{
			"from": [6.5, 7, 6.5],
			"to": [9.5, 13, 9.5],
			"faces": {
				"north": {"uv": [0, 0, 3, 6], "texture": "#0"},
				"east": {"uv": [3, 0, 6, 6], "texture": "#0"},
				"south": {"uv": [3, 0, 6, 6], "texture": "#0"},
				"west": {"uv": [3, 0, 6, 6], "texture": "#0"},
				"up": {"uv": [6, 0, 9, 3], "texture": "#0"},
				"down": {"uv": [6, 0, 9, 3], "texture": "#0"}
			}
		},
		{
			"from": [6.75, 0, 6.75],
			"to": [9.25, 7, 9.25],
			"faces": {
				"north": {"uv": [0, 6, 2.5, 13], "texture": "#0"},
				"east": {"uv": [3, 6, 5.5, 13], "texture": "#0"},
				"south": {"uv": [3, 6, 5.5, 13], "texture": "#0"},
				"west": {"uv": [3, 6, 5.5, 13], "texture": "#0"},
				"up": {"uv": [6, 6, 8.5, 8], "texture": "#0"},
				"down": {"uv": [6, 6, 8.5, 8], "texture": "#0"}
			}
		},
		{
			"from": [7.5, 10, 6.25],
			"to": [8.5, 11, 6.5],
			"faces": {
				"north": {"uv": [6, 3, 7, 4], "texture": "#0"},
				"east": {"uv": [6, 3, 7, 4], "texture": "#0"},
				"south": {"uv": [6, 3, 7, 4], "texture": "#0"},
				"west": {"uv": [6, 3, 7, 4], "texture": "#0"},
				"up": {"uv": [6, 3, 7, 4], "texture": "#0"},
				"down": {"uv": [6, 3, 7, 4], "texture": "#0"}
			}
		}
	],
	"display": {
		"thirdperson_righthand": {
			"rotation": [-180, 1, -180],
			"translation": [0, 1.75, 1.5],
			"scale": [0.5, 0.5, 0.5]
		},
		"thirdperson_lefthand": {
			"rotation": [-180, 1, -180],
			"translation": [0, 1.75, 1.5],
			"scale": [0.5, 0.5, 0.5]
		},
		"firstperson_righthand": {
			"rotation": [179.55, 12.14, 171.24],
			"translation": [-0.25, 2, 1],
			"scale": [0.5, 0.5, 0.5]
		},
		"firstperson_lefthand": {
			"rotation": [179.55, 12.14, 171.24],
			"translation": [-0.25, 2, 1],
			"scale": [0.5, 0.5, 0.5]
		},
		"ground": {
			"rotation": [90, 0, 0],
			"scale": [0.5, 0.5, 0.5]
		},
		"gui": {
			"rotation": [164.73, 32.45, -143.31],
			"translation": [0.5, 0.5, 0]
		},
		"fixed": {
			"translation": [0, 0.75, -0.5]
		}
	},
	"groups": [
		{
			"name": "handle",
			"origin": [8, 8, 8],
			"color": 0,
			"children": [0, 1, 2, 3, 4, 5]
		}
	]
}