{
	"credit": "Made by Mr3DAlien",
	"textures": {
		"0": "custom/alien-packs/light_sabers/item/light_saber/mace_handle",
		"1": "custom/alien-packs/light_sabers/item/light_saber/purple_blade_outside",
		"2": "custom/alien-packs/light_sabers/item/light_saber/purple_blade_inside",
		"particle": "custom/alien-packs/light_sabers/item/light_saber/mace_handle"
	},
	"elements": [
		{
			"from": [7, -15, 7],
			"to": [9, -14, 9],
			"faces": {
				"north": {"uv": [14, 0, 16, 1], "texture": "#0"},
				"east": {"uv": [14, 0, 16, 1], "texture": "#0"},
				"south": {"uv": [14, 0, 16, 1], "texture": "#0"},
				"west": {"uv": [14, 0, 16, 1], "texture": "#0"},
				"up": {"uv": [14, 1, 16, 3], "texture": "#0"},
				"down": {"uv": [14, 1, 16, 3], "texture": "#0"}
			}
		},
		{
			"from": [6.5, -14, 6.5],
			"to": [9.5, -13, 9.5],
			"faces": {
				"north": {"uv": [8, 0, 11, 1], "texture": "#0"},
				"east": {"uv": [8, 0, 11, 1], "texture": "#0"},
				"south": {"uv": [8, 0, 11, 1], "texture": "#0"},
				"west": {"uv": [8, 0, 11, 1], "texture": "#0"},
				"up": {"uv": [11, 0, 14, 3], "texture": "#0"},
				"down": {"uv": [11, 0, 14, 3], "texture": "#0"}
			}
		},
		{
			"from": [6, -13, 6],
			"to": [10, -6, 10],
			"faces": {
				"north": {"uv": [0, 0, 4, 7], "texture": "#0"},
				"east": {"uv": [0, 0, 4, 7], "texture": "#0"},
				"south": {"uv": [0, 0, 4, 7], "texture": "#0"},
				"west": {"uv": [0, 0, 4, 7], "texture": "#0"},
				"up": {"uv": [8, 4, 4, 0], "texture": "#0"},
				"down": {"uv": [8, 0, 4, 4], "texture": "#0"}
			}
		},
		{
			"from": [6.25, -6, 6.25],
			"to": [9.75, -3, 9.75],
			"faces": {
				"north": {"uv": [0, 7, 4, 10], "texture": "#0"},
				"east": {"uv": [0, 7, 4, 10], "texture": "#0"},
				"south": {"uv": [0, 7, 4, 10], "texture": "#0"},
				"west": {"uv": [0, 7, 4, 10], "texture": "#0"},
				"up": {"uv": [0, 10, 4, 14], "texture": "#0"},
				"down": {"uv": [0, 10, 4, 14], "texture": "#0"}
			}
		},
		{
			"from": [7.25, -3, 7.25],
			"to": [8.75, -2, 8.75],
			"faces": {
				"north": {"uv": [1, 11, 3, 13], "texture": "#0"},
				"east": {"uv": [1, 11, 3, 13], "texture": "#0"},
				"south": {"uv": [1, 11, 3, 13], "texture": "#0"},
				"west": {"uv": [1, 11, 3, 13], "texture": "#0"},
				"up": {"uv": [1, 11, 3, 13], "texture": "#0"},
				"down": {"uv": [1, 11, 3, 13], "texture": "#0"}
			}
		},
		{
			"from": [6.75, -3, 6.75],
			"to": [9.25, 32, 9.25],
			"faces": {
				"north": {"uv": [0, 0, 2.5, 16], "texture": "#1"},
				"east": {"uv": [0, 0, 2.5, 16], "texture": "#1"},
				"south": {"uv": [0, 0, 2.5, 16], "texture": "#1"},
				"west": {"uv": [0, 0, 2.5, 16], "texture": "#1"},
				"up": {"uv": [3, 0, 5.5, 3], "texture": "#1"},
				"down": {"uv": [3, 0, 5.5, 3], "texture": "#1"}
			}
		},
		{
			"from": [7.5, -3, 7.5],
			"to": [8.5, 31, 8.5],
			"faces": {
				"north": {"uv": [0, 0, 1, 16], "texture": "#2"},
				"east": {"uv": [0, 0, 1, 16], "texture": "#2"},
				"south": {"uv": [0, 0, 1, 16], "texture": "#2"},
				"west": {"uv": [0, 0, 1, 16], "texture": "#2"},
				"up": {"uv": [0, 0, 1, 1], "texture": "#2"},
				"down": {"uv": [0, 0, 1, 1], "texture": "#2"}
			}
		}
	],
	"display": {
		"thirdperson_righthand": {
			"rotation": [-90, 90, 90],
			"translation": [0, 9, 1.5],
			"scale": [0.5, 0.5, 0.5]
		},
		"thirdperson_lefthand": {
			"rotation": [-90, 90, 90],
			"translation": [0, 9, 1.5],
			"scale": [0.5, 0.5, 0.5]
		},
		"firstperson_righthand": {
			"rotation": [177.86, 81.35, 173.21],
			"translation": [-0.25, 9.5, 1],
			"scale": [0.5, 0.5, 0.5]
		},
		"firstperson_lefthand": {
			"rotation": [177.86, 81.35, 173.21],
			"translation": [-0.25, 9.5, 1],
			"scale": [0.5, 0.5, 0.5]
		},
		"ground": {
			"rotation": [90, 0, 0],
			"scale": [0.5, 0.5, 0.5]
		},
		"gui": {
			"rotation": [-38.07, -14.39, -44.92],
			"scale": [0.4, 0.4, 0.4]
		},
		"fixed": {
			"translation": [0, 0, -0.5],
			"scale": [0.35, 0.35, 0.35]
		}
	},
	"groups": [
		{
			"name": "handle",
			"origin": [0, 0, 0],
			"color": 0,
			"children": [0, 1, 2, 3, 4]
		},
		5,
		6
	]
}