{
	"credit": "Made by Mr3DAlien",
	"textures": {
		"0": "custom/alien-packs/light_sabers/item/light_saber/rey_handle",
		"1": "custom/alien-packs/light_sabers/item/light_saber/yellow_blade_outside",
		"2": "custom/alien-packs/light_sabers/item/light_saber/yellow_blade_inside",
		"particle": "custom/alien-packs/light_sabers/item/light_saber/rey_handle"
	},
	"elements": [
		{
			"from": [6.5, -7, 6.5],
			"to": [9.5, -6, 9.5],
			"faces": {
				"north": {"uv": [2, 0, 5, 1], "texture": "#0"},
				"east": {"uv": [2, 0, 3, 3], "rotation": 90, "texture": "#0"},
				"south": {"uv": [2, 2, 5, 3], "texture": "#0"},
				"west": {"uv": [4, 0, 5, 3], "rotation": 90, "texture": "#0"},
				"up": {"uv": [2, 0, 5, 3], "texture": "#0"},
				"down": {"uv": [2, 0, 5, 3], "texture": "#0"}
			}
		},
		{
			"from": [6.5, -5, 6.5],
			"to": [9.5, -4, 9.5],
			"faces": {
				"north": {"uv": [2, 0, 5, 1], "texture": "#0"},
				"east": {"uv": [2, 0, 3, 3], "rotation": 90, "texture": "#0"},
				"south": {"uv": [2, 2, 5, 3], "texture": "#0"},
				"west": {"uv": [4, 0, 5, 3], "rotation": 90, "texture": "#0"},
				"up": {"uv": [2, 0, 5, 3], "texture": "#0"},
				"down": {"uv": [2, 0, 5, 3], "texture": "#0"}
			}
		},
		{
			"from": [7, -16, 7],
			"to": [9, -15, 9],
			"faces": {
				"north": {"uv": [2, 1, 4, 2], "texture": "#0"},
				"east": {"uv": [2, 1, 4, 2], "texture": "#0"},
				"south": {"uv": [2, 1, 4, 2], "texture": "#0"},
				"west": {"uv": [2, 1, 4, 2], "texture": "#0"},
				"up": {"uv": [2, 0, 4, 2], "texture": "#0"},
				"down": {"uv": [2, 1, 4, 3], "texture": "#0"}
			}
		},
		{
			"from": [7, -6, 7],
			"to": [9, -5, 9],
			"faces": {
				"north": {"uv": [2, 0, 4, 1], "texture": "#0"},
				"east": {"uv": [2, 1, 4, 2], "texture": "#0"},
				"south": {"uv": [2, 2, 4, 3], "texture": "#0"},
				"west": {"uv": [3, 0, 5, 1], "texture": "#0"},
				"up": {"uv": [3, 1, 5, 3], "texture": "#0"},
				"down": {"uv": [4, 1, 6, 3], "texture": "#0"}
			}
		},
		{
			"from": [7, -12, 7],
			"to": [9, -7, 9],
			"faces": {
				"north": {"uv": [0, 0, 2, 5], "texture": "#0"},
				"east": {"uv": [0, 0, 2, 5], "texture": "#0"},
				"south": {"uv": [0, 0, 2, 5], "texture": "#0"},
				"west": {"uv": [0, 0, 2, 5], "texture": "#0"},
				"up": {"uv": [0, 0, 2, 2], "texture": "#0"},
				"down": {"uv": [0, 3, 2, 5], "texture": "#0"}
			}
		},
		{
			"from": [6.5, -15, 6.5],
			"to": [9.5, -12, 9.5],
			"faces": {
				"north": {"uv": [2, 0, 5, 3], "texture": "#0"},
				"east": {"uv": [2, 0, 5, 3], "texture": "#0"},
				"south": {"uv": [2, 0, 5, 3], "texture": "#0"},
				"west": {"uv": [2, 0, 5, 3], "texture": "#0"},
				"up": {"uv": [2, 0, 5, 3], "texture": "#0"},
				"down": {"uv": [2, 0, 5, 3], "texture": "#0"}
			}
		},
		{
			"from": [9, -3, 7],
			"to": [9.5, -2, 7.5],
			"faces": {
				"north": {"uv": [2, 0, 2.5, 1], "texture": "#0"},
				"east": {"uv": [2, 0, 2.5, 1], "texture": "#0"},
				"south": {"uv": [2, 0, 2.5, 1], "texture": "#0"},
				"west": {"uv": [2, 0, 2.5, 1], "texture": "#0"},
				"up": {"uv": [2, 0, 2.5, 1], "texture": "#0"},
				"down": {"uv": [2, 0, 2.5, 1], "texture": "#0"}
			}
		},
		{
			"from": [9, -3, 7.75],
			"to": [9.5, -2, 8.25],
			"faces": {
				"north": {"uv": [2, 0, 2.5, 1], "texture": "#0"},
				"east": {"uv": [2, 0, 2.5, 1], "texture": "#0"},
				"south": {"uv": [2, 0, 2.5, 1], "texture": "#0"},
				"west": {"uv": [2, 0, 2.5, 1], "texture": "#0"},
				"up": {"uv": [2, 0, 2.5, 1], "texture": "#0"},
				"down": {"uv": [2, 0, 2.5, 1], "texture": "#0"}
			}
		},
		{
			"from": [6.5, -3, 7.75],
			"to": [7, -2, 8.25],
			"faces": {
				"north": {"uv": [2, 0, 2.5, 1], "texture": "#0"},
				"east": {"uv": [2, 0, 2.5, 1], "texture": "#0"},
				"south": {"uv": [2, 0, 2.5, 1], "texture": "#0"},
				"west": {"uv": [2, 0, 2.5, 1], "texture": "#0"},
				"up": {"uv": [2, 0, 2.5, 1], "texture": "#0"},
				"down": {"uv": [2, 0, 2.5, 1], "texture": "#0"}
			}
		},
		{
			"from": [9, -3, 8.5],
			"to": [9.5, -2, 9],
			"faces": {
				"north": {"uv": [2, 0, 2.5, 1], "texture": "#0"},
				"east": {"uv": [2, 0, 2.5, 1], "texture": "#0"},
				"south": {"uv": [2, 0, 2.5, 1], "texture": "#0"},
				"west": {"uv": [2, 0, 2.5, 1], "texture": "#0"},
				"up": {"uv": [2, 0, 2.5, 1], "texture": "#0"},
				"down": {"uv": [2, 0, 2.5, 1], "texture": "#0"}
			}
		},
		{
			"from": [7.75, -3, 6.5],
			"to": [8.25, -2, 7],
			"faces": {
				"north": {"uv": [2, 0, 2.5, 1], "texture": "#0"},
				"east": {"uv": [2, 0, 2.5, 1], "texture": "#0"},
				"south": {"uv": [2, 0, 2.5, 1], "texture": "#0"},
				"west": {"uv": [2, 0, 2.5, 1], "texture": "#0"},
				"up": {"uv": [2, 0, 2.5, 0], "texture": "#0"},
				"down": {"uv": [2, 1, 2.5, 1], "texture": "#0"}
			}
		},
		{
			"from": [8.75, -3, 6.5],
			"to": [9.25, -2, 7],
			"faces": {
				"north": {"uv": [2, 0, 2.5, 1], "texture": "#0"},
				"east": {"uv": [2, 0, 2.5, 1], "texture": "#0"},
				"south": {"uv": [2, 0, 2.5, 1], "texture": "#0"},
				"west": {"uv": [2, 0, 2.5, 1], "texture": "#0"},
				"up": {"uv": [2, 0, 2.5, 0], "texture": "#0"},
				"down": {"uv": [2, 1, 2.5, 1], "texture": "#0"}
			}
		},
		{
			"from": [6.75, -3, 6.5],
			"to": [7.25, -2, 7],
			"faces": {
				"north": {"uv": [2, 0, 2.5, 1], "texture": "#0"},
				"east": {"uv": [2, 0, 2.5, 1], "texture": "#0"},
				"south": {"uv": [2, 0, 2.5, 1], "texture": "#0"},
				"west": {"uv": [2, 0, 2.5, 1], "texture": "#0"},
				"up": {"uv": [2, 0, 2.5, 1], "texture": "#0"},
				"down": {"uv": [2, 0, 2.5, 1], "texture": "#0"}
			}
		},
		{
			"from": [7.75, -3, 9],
			"to": [8.25, -2, 9.5],
			"faces": {
				"north": {"uv": [2, 0, 2.5, 1], "texture": "#0"},
				"east": {"uv": [2, 0, 2.5, 1], "texture": "#0"},
				"south": {"uv": [2, 0, 2.5, 1], "texture": "#0"},
				"west": {"uv": [2, 0, 2.5, 1], "texture": "#0"},
				"up": {"uv": [2, 0, 2.5, 1], "texture": "#0"},
				"down": {"uv": [2, 0, 2.5, 1], "texture": "#0"}
			}
		},
		{
			"from": [8.75, -3, 9],
			"to": [9.25, -2, 9.5],
			"faces": {
				"north": {"uv": [2, 0, 2.5, 1], "texture": "#0"},
				"east": {"uv": [2, 0, 2.5, 1], "texture": "#0"},
				"south": {"uv": [2, 0, 2.5, 1], "texture": "#0"},
				"west": {"uv": [2, 0, 2.5, 1], "texture": "#0"},
				"up": {"uv": [2, 0, 2.5, 1], "texture": "#0"},
				"down": {"uv": [2, 0, 2.5, 1], "texture": "#0"}
			}
		},
		{
			"from": [6.75, -3, 9],
			"to": [7.25, -2, 9.5],
			"faces": {
				"north": {"uv": [2, 0, 2.5, 1], "texture": "#0"},
				"east": {"uv": [2, 0, 2.5, 1], "texture": "#0"},
				"south": {"uv": [2, 0, 2.5, 1], "texture": "#0"},
				"west": {"uv": [2, 0, 2.5, 1], "texture": "#0"},
				"up": {"uv": [2, 0, 2.5, 1], "texture": "#0"},
				"down": {"uv": [2, 0, 2.5, 1], "texture": "#0"}
			}
		},
		{
			"from": [6.5, -3, 7],
			"to": [7, -2, 7.5],
			"faces": {
				"north": {"uv": [2, 0, 2.5, 1], "texture": "#0"},
				"east": {"uv": [2, 0, 2.5, 1], "texture": "#0"},
				"south": {"uv": [2, 0, 2.5, 1], "texture": "#0"},
				"west": {"uv": [2, 0, 2.5, 1], "texture": "#0"},
				"up": {"uv": [2, 0, 2.5, 1], "texture": "#0"},
				"down": {"uv": [2, 0, 2.5, 1], "texture": "#0"}
			}
		},
		{
			"from": [6.5, -3, 8.5],
			"to": [7, -2, 9],
			"faces": {
				"north": {"uv": [2, 0, 2.5, 1], "texture": "#0"},
				"east": {"uv": [2, 0, 2.5, 1], "texture": "#0"},
				"south": {"uv": [2, 0, 2.5, 1], "texture": "#0"},
				"west": {"uv": [2, 0, 2.5, 1], "texture": "#0"},
				"up": {"uv": [2, 0, 2.5, 1], "texture": "#0"},
				"down": {"uv": [2, 0, 2.5, 1], "texture": "#0"}
			}
		},
		{
			"from": [6.25, -4, 6.25],
			"to": [9.75, -3, 9.75],
			"faces": {
				"north": {"uv": [5, 0, 8.5, 1], "texture": "#0"},
				"east": {"uv": [5, 2, 8.5, 3], "texture": "#0"},
				"south": {"uv": [5, 1, 8.5, 2], "texture": "#0"},
				"west": {"uv": [5, 0, 8.5, 1], "texture": "#0"},
				"up": {"uv": [5, 0, 8.5, 3.5], "texture": "#0"},
				"down": {"uv": [5, 0, 8.5, 3.5], "rotation": 180, "texture": "#0"}
			}
		},
		{
			"from": [6.75, -3, 6.75],
			"to": [9.25, 32, 9.25],
			"faces": {
				"north": {"uv": [0, 0, 2.5, 16], "texture": "#1"},
				"east": {"uv": [0, 0, 2.5, 16], "texture": "#1"},
				"south": {"uv": [0, 0, 2.5, 16], "texture": "#1"},
				"west": {"uv": [0, 0, 2.5, 16], "texture": "#1"},
				"up": {"uv": [3, 0, 5.5, 3], "texture": "#1"},
				"down": {"uv": [3, 0, 5.5, 3], "texture": "#1"}
			}
		},
		{
			"from": [7.5, -3, 7.5],
			"to": [8.5, 31, 8.5],
			"faces": {
				"north": {"uv": [0, 0, 1, 16], "texture": "#2"},
				"east": {"uv": [0, 0, 1, 16], "texture": "#2"},
				"south": {"uv": [0, 0, 1, 16], "texture": "#2"},
				"west": {"uv": [0, 0, 1, 16], "texture": "#2"},
				"up": {"uv": [0, 0, 1, 1], "texture": "#2"},
				"down": {"uv": [0, 15, 1, 16], "texture": "#2"}
			}
		}
	],
	"display": {
		"thirdperson_righthand": {
			"rotation": [-90, 90, 90],
			"translation": [0, 9, 1.5],
			"scale": [0.5, 0.5, 0.5]
		},
		"thirdperson_lefthand": {
			"rotation": [-90, 90, 90],
			"translation": [0, 9, 1.5],
			"scale": [0.5, 0.5, 0.5]
		},
		"firstperson_righthand": {
			"rotation": [177.86, 81.35, 173.21],
			"translation": [-0.25, 9.5, 1],
			"scale": [0.5, 0.5, 0.5]
		},
		"firstperson_lefthand": {
			"rotation": [177.86, 81.35, 173.21],
			"translation": [-0.25, 9.5, 1],
			"scale": [0.5, 0.5, 0.5]
		},
		"ground": {
			"rotation": [90, 0, 0],
			"scale": [0.5, 0.5, 0.5]
		},
		"gui": {
			"rotation": [-38.07, -14.39, -44.92],
			"scale": [0.4, 0.4, 0.4]
		},
		"fixed": {
			"translation": [0, 0, -0.5],
			"scale": [0.35, 0.35, 0.35]
		}
	},
	"groups": [
		{
			"name": "rey_lightsaber_off",
			"origin": [8, 8, 8],
			"color": 0,
			"children": [
				{
					"name": "saber",
					"origin": [8, 8, 8],
					"color": 0,
					"children": [0, 1, 2, 3, 4, 5, 6, 7, 8, 9, 10, 11, 12, 13, 14, 15, 16, 17, 18]
				}
			]
		},
		19,
		20
	]
}