{
	"credit": "Made by Mr3DAlien",
	"textures": {
		"0": "custom/alien-packs/light_sabers/item/light_saber/vader_handle",
		"1": "custom/alien-packs/light_sabers/item/light_saber/red_blade_outside",
		"2": "custom/alien-packs/light_sabers/item/light_saber/red_blade_inside",
		"particle": "custom/alien-packs/light_sabers/item/light_saber/vader_handle"
	},
	"elements": [
		{
			"from": [5.5, -16, 8],
			"to": [6, -11, 9],
			"faces": {
				"north": {"uv": [7, 0, 8, 5], "texture": "#0"},
				"east": {"uv": [7, 0, 8, 5], "texture": "#0"},
				"south": {"uv": [7, 0, 8, 5], "texture": "#0"},
				"west": {"uv": [7, 0, 8, 5], "texture": "#0"},
				"up": {"uv": [7, 0, 8, 1], "texture": "#0"},
				"down": {"uv": [7, 4, 8, 5], "texture": "#0"}
			}
		},
		{
			"from": [6, -16, 7],
			"to": [9, -4, 10],
			"faces": {
				"north": {"uv": [0, 0, 3, 12], "texture": "#0"},
				"east": {"uv": [0, 0, 3, 12], "texture": "#0"},
				"south": {"uv": [0, 0, 3, 12], "texture": "#0"},
				"west": {"uv": [0, 0, 3, 12], "texture": "#0"},
				"up": {"uv": [0, 0, 3, 3], "texture": "#0"},
				"down": {"uv": [0, 9, 3, 12], "texture": "#0"}
			}
		},
		{
			"from": [5, -3, 8],
			"to": [6, -2, 9],
			"faces": {
				"north": {"uv": [4, 2, 5, 3], "texture": "#0"},
				"east": {"uv": [4, 2, 5, 3], "texture": "#0"},
				"south": {"uv": [4, 2, 5, 3], "texture": "#0"},
				"west": {"uv": [4, 2, 5, 3], "texture": "#0"},
				"up": {"uv": [4, 2, 5, 3], "texture": "#0"},
				"down": {"uv": [4, 2, 5, 3], "texture": "#0"}
			}
		},
		{
			"from": [9, -5, 8],
			"to": [9.75, -4, 9],
			"faces": {
				"north": {"uv": [0, 12, 1, 13], "texture": "#0"},
				"east": {"uv": [0, 12, 1, 13], "texture": "#0"},
				"south": {"uv": [0, 12, 1, 13], "texture": "#0"},
				"west": {"uv": [0, 12, 1, 13], "texture": "#0"},
				"up": {"uv": [0, 12, 1, 13], "texture": "#0"},
				"down": {"uv": [0, 12, 1, 13], "texture": "#0"}
			}
		},
		{
			"from": [6, -3, 7],
			"to": [7, -1, 10],
			"faces": {
				"north": {"uv": [5, 1, 6, 3], "texture": "#0"},
				"east": {"uv": [4, 1, 7, 3], "texture": "#0"},
				"south": {"uv": [6, 1, 7, 3], "texture": "#0"},
				"west": {"uv": [4, 1, 7, 3], "texture": "#0"},
				"up": {"uv": [4, 0, 5, 3], "texture": "#0"},
				"down": {"uv": [6, 0, 7, 3], "texture": "#0"}
			}
		},
		{
			"from": [7, -3, 7],
			"to": [8, -2, 8],
			"faces": {
				"north": {"uv": [4, 1, 5, 2], "texture": "#0"},
				"east": {"uv": [4, 1, 5, 2], "texture": "#0"},
				"south": {"uv": [4, 1, 5, 2], "texture": "#0"},
				"west": {"uv": [4, 1, 5, 2], "texture": "#0"},
				"up": {"uv": [4, 1, 5, 2], "texture": "#0"},
				"down": {"uv": [4, 1, 5, 2], "texture": "#0"}
			}
		},
		{
			"from": [7, -3, 9],
			"to": [8, -2, 10],
			"faces": {
				"north": {"uv": [5, 3, 6, 4], "texture": "#0"},
				"east": {"uv": [5, 3, 6, 4], "texture": "#0"},
				"south": {"uv": [5, 3, 6, 4], "texture": "#0"},
				"west": {"uv": [5, 3, 6, 4], "texture": "#0"},
				"up": {"uv": [5, 3, 6, 4], "texture": "#0"},
				"down": {"uv": [5, 3, 6, 4], "texture": "#0"}
			}
		},
		{
			"from": [5.5, -4, 6.5],
			"to": [9.5, -3, 10.5],
			"faces": {
				"north": {"uv": [3, 3, 7, 4], "texture": "#0"},
				"east": {"uv": [3, 0, 7, 1], "texture": "#0"},
				"south": {"uv": [3, 3, 7, 4], "texture": "#0"},
				"west": {"uv": [3, 0, 7, 1], "texture": "#0"},
				"up": {"uv": [3, 0, 7, 4], "texture": "#0"},
				"down": {"uv": [3, 0, 7, 4], "texture": "#0"}
			}
		},
		{
			"from": [5.5, -5, 6.5],
			"to": [6.5, -4, 10.5],
			"faces": {
				"north": {"uv": [4, 0, 5, 1], "texture": "#0"},
				"east": {"uv": [3, 0, 7, 1], "texture": "#0"},
				"south": {"uv": [5, 1, 6, 2], "texture": "#0"},
				"west": {"uv": [3, 3, 7, 4], "texture": "#0"},
				"up": {"uv": [3, 0, 4, 4], "texture": "#0"},
				"down": {"uv": [6, 0, 7, 4], "texture": "#0"}
			}
		},
		{
			"from": [9, -10, 8],
			"to": [10, -7, 9],
			"faces": {
				"north": {"uv": [1, 3, 2, 6], "texture": "#0"},
				"east": {"uv": [1, 3, 2, 6], "texture": "#0"},
				"south": {"uv": [1, 3, 2, 6], "texture": "#0"},
				"west": {"uv": [1, 3, 2, 6], "texture": "#0"},
				"up": {"uv": [1, 3, 2, 4], "texture": "#0"},
				"down": {"uv": [1, 5, 2, 6], "texture": "#0"}
			}
		},
		{
			"from": [8.5, -16, 6.5],
			"to": [9.5, -11, 7.5],
			"faces": {
				"north": {"uv": [7, 0, 8, 5], "texture": "#0"},
				"east": {"uv": [7, 0, 8, 5], "texture": "#0"},
				"south": {"uv": [7, 0, 8, 5], "texture": "#0"},
				"west": {"uv": [7, 0, 8, 5], "texture": "#0"},
				"up": {"uv": [7, 0, 8, 1], "texture": "#0"},
				"down": {"uv": [7, 4, 8, 5], "texture": "#0"}
			}
		},
		{
			"from": [8.5, -16, 9.5],
			"to": [9.5, -11, 10.5],
			"faces": {
				"north": {"uv": [7, 0, 8, 5], "texture": "#0"},
				"east": {"uv": [7, 0, 8, 5], "texture": "#0"},
				"south": {"uv": [7, 0, 8, 5], "texture": "#0"},
				"west": {"uv": [7, 0, 8, 5], "texture": "#0"},
				"up": {"uv": [7, 0, 8, 1], "texture": "#0"},
				"down": {"uv": [7, 4, 8, 5], "texture": "#0"}
			}
		},
		{
			"from": [7, -16, 6.5],
			"to": [8, -11, 7],
			"faces": {
				"north": {"uv": [7, 0, 8, 5], "texture": "#0"},
				"east": {"uv": [7, 0, 8, 5], "texture": "#0"},
				"south": {"uv": [7, 0, 8, 5], "texture": "#0"},
				"west": {"uv": [7, 0, 8, 5], "texture": "#0"},
				"up": {"uv": [7, 0, 8, 1], "texture": "#0"},
				"down": {"uv": [7, 4, 8, 5], "texture": "#0"}
			}
		},
		{
			"from": [7, -16, 10],
			"to": [8, -11, 10.5],
			"faces": {
				"north": {"uv": [7, 0, 8, 5], "texture": "#0"},
				"east": {"uv": [7, 0, 8, 5], "texture": "#0"},
				"south": {"uv": [7, 0, 8, 5], "texture": "#0"},
				"west": {"uv": [7, 0, 8, 5], "texture": "#0"},
				"up": {"uv": [7, 0, 8, 1], "texture": "#0"},
				"down": {"uv": [7, 4, 8, 5], "texture": "#0"}
			}
		},
		{
			"from": [5.5, -16, 6.5],
			"to": [6.5, -11, 7.5],
			"faces": {
				"north": {"uv": [7, 0, 8, 5], "texture": "#0"},
				"east": {"uv": [7, 0, 8, 5], "texture": "#0"},
				"south": {"uv": [7, 0, 8, 5], "texture": "#0"},
				"west": {"uv": [7, 0, 8, 5], "texture": "#0"},
				"up": {"uv": [7, 0, 8, 1], "texture": "#0"},
				"down": {"uv": [7, 4, 8, 5], "texture": "#0"}
			}
		},
		{
			"from": [5.5, -16, 9.5],
			"to": [6.5, -11, 10.5],
			"faces": {
				"north": {"uv": [7, 0, 8, 5], "texture": "#0"},
				"east": {"uv": [7, 0, 8, 5], "texture": "#0"},
				"south": {"uv": [7, 0, 8, 5], "texture": "#0"},
				"west": {"uv": [7, 0, 8, 5], "texture": "#0"},
				"up": {"uv": [7, 0, 8, 1], "texture": "#0"},
				"down": {"uv": [7, 4, 8, 5], "texture": "#0"}
			}
		},
		{
			"from": [9, -16, 8],
			"to": [9.5, -11, 9],
			"faces": {
				"north": {"uv": [7, 0, 8, 5], "texture": "#0"},
				"east": {"uv": [7, 0, 8, 5], "texture": "#0"},
				"south": {"uv": [7, 0, 8, 5], "texture": "#0"},
				"west": {"uv": [7, 0, 8, 5], "texture": "#0"},
				"up": {"uv": [7, 0, 8, 1], "texture": "#0"},
				"down": {"uv": [7, 4, 8, 5], "texture": "#0"}
			}
		},
		{
			"from": [6.25, -3, 7.25],
			"to": [8.75, 32, 9.75],
			"faces": {
				"north": {"uv": [0, 0, 2.5, 16], "texture": "#1"},
				"east": {"uv": [0, 0, 2.5, 16], "texture": "#1"},
				"south": {"uv": [0, 0, 2.5, 16], "texture": "#1"},
				"west": {"uv": [0, 0, 2.5, 16], "texture": "#1"},
				"up": {"uv": [3, 0, 5.5, 3], "texture": "#1"},
				"down": {"uv": [3, 0, 5.5, 3], "texture": "#1"}
			}
		},
		{
			"from": [7, -4, 8],
			"to": [8, 31, 9],
			"faces": {
				"north": {"uv": [0, 0, 1, 16], "texture": "#2"},
				"east": {"uv": [0, 0, 1, 16], "texture": "#2"},
				"south": {"uv": [0, 0, 1, 16], "texture": "#2"},
				"west": {"uv": [0, 0, 1, 16], "texture": "#2"},
				"up": {"uv": [0, 0, 1, 1], "texture": "#2"},
				"down": {"uv": [0, 15, 1, 16], "texture": "#2"}
			}
		}
	],
	"display": {
		"thirdperson_righthand": {
			"rotation": [-90, 90, 90],
			"translation": [0, 9, 1.5],
			"scale": [0.5, 0.5, 0.5]
		},
		"thirdperson_lefthand": {
			"rotation": [-90, 90, 90],
			"translation": [0, 9, 1.5],
			"scale": [0.5, 0.5, 0.5]
		},
		"firstperson_righthand": {
			"rotation": [177.86, 81.35, 173.21],
			"translation": [-0.25, 9.5, 1],
			"scale": [0.5, 0.5, 0.5]
		},
		"firstperson_lefthand": {
			"rotation": [177.86, 81.35, 173.21],
			"translation": [-0.25, 9.5, 1],
			"scale": [0.5, 0.5, 0.5]
		},
		"ground": {
			"rotation": [90, 0, 0],
			"scale": [0.5, 0.5, 0.5]
		},
		"gui": {
			"rotation": [-38.07, -14.39, -44.92],
			"scale": [0.4, 0.4, 0.4]
		},
		"fixed": {
			"translation": [0, 0, -0.5],
			"scale": [0.35, 0.35, 0.35]
		}
	},
	"groups": [
		{
			"name": "saber",
			"origin": [8, 8, 8],
			"color": 0,
			"children": [0, 1, 2, 3, 4, 5, 6, 7, 8, 9, 10, 11, 12, 13, 14, 15, 16]
		},
		17,
		18
	]
}