{
	"credit": "Made by Mr3DAlien",
	"texture_size": [32, 32],
	"textures": {
		"0": "custom/alien-packs/light_sabers/item/vader_helmet/helmet_base",
		"1": "custom/alien-packs/light_sabers/item/vader_helmet/side_panels",
		"particle": "custom/alien-packs/light_sabers/item/vader_helmet/helmet_base"
	},
	"elements": [
		{
			"from": [3, 1, -2],
			"to": [4, 3, 0],
			"faces": {
				"north": {"uv": [0, 5.5, 0.5, 6], "texture": "#1"},
				"east": {"uv": [0, 5.5, 0.5, 6], "texture": "#1"},
				"south": {"uv": [0, 5.5, 0.5, 6], "texture": "#1"},
				"west": {"uv": [0, 5.5, 0.5, 6], "texture": "#1"},
				"up": {"uv": [0, 5.5, 0.5, 6], "texture": "#1"},
				"down": {"uv": [0, 5.5, 0.5, 6], "texture": "#1"}
			}
		},
		{
			"from": [3, 0, -3],
			"to": [4, 1, 0],
			"faces": {
				"north": {"uv": [0, 5.5, 0.5, 6], "texture": "#1"},
				"east": {"uv": [0, 5.5, 0.5, 6], "texture": "#1"},
				"south": {"uv": [0, 5.5, 0.5, 6], "texture": "#1"},
				"west": {"uv": [0, 5.5, 0.5, 6], "texture": "#1"},
				"up": {"uv": [0, 5.5, 0.5, 6], "texture": "#1"},
				"down": {"uv": [0, 5.5, 0.5, 6], "texture": "#1"}
			}
		},
		{
			"from": [4, 0, -4],
			"to": [5, 1, -3],
			"faces": {
				"north": {"uv": [0.5, 5.5, 1, 6], "texture": "#1"},
				"east": {"uv": [0.5, 5.5, 1, 6], "texture": "#1"},
				"south": {"uv": [0.5, 5.5, 1, 6], "texture": "#1"},
				"west": {"uv": [0.5, 5.5, 1, 6], "texture": "#1"},
				"up": {"uv": [0.5, 5.5, 1, 6], "texture": "#1"},
				"down": {"uv": [0.5, 5.5, 1, 6], "texture": "#1"}
			}
		},
		{
			"from": [4, 0, -3],
			"to": [12, 1, 0],
			"faces": {
				"north": {"uv": [0, 5.5, 0.5, 6], "texture": "#1"},
				"east": {"uv": [0, 5.5, 0.5, 6], "texture": "#1"},
				"south": {"uv": [0, 5.5, 0.5, 6], "texture": "#1"},
				"west": {"uv": [0, 5.5, 0.5, 6], "texture": "#1"},
				"up": {"uv": [0, 5.5, 0.5, 6], "texture": "#1"},
				"down": {"uv": [0, 5.5, 0.5, 6], "texture": "#1"}
			}
		},
		{
			"from": [11, 0, -4],
			"to": [12, 1, -3],
			"faces": {
				"north": {"uv": [0.5, 5.5, 1, 6], "texture": "#1"},
				"east": {"uv": [0.5, 5.5, 1, 6], "texture": "#1"},
				"south": {"uv": [0.5, 5.5, 1, 6], "texture": "#1"},
				"west": {"uv": [0.5, 5.5, 1, 6], "texture": "#1"},
				"up": {"uv": [0.5, 5.5, 1, 6], "texture": "#1"},
				"down": {"uv": [0.5, 5.5, 1, 6], "texture": "#1"}
			}
		},
		{
			"from": [12, 0, -3],
			"to": [13, 1, 0],
			"faces": {
				"north": {"uv": [0, 5.5, 0.5, 6], "texture": "#1"},
				"east": {"uv": [0, 5.5, 0.5, 6], "texture": "#1"},
				"south": {"uv": [0, 5.5, 0.5, 6], "texture": "#1"},
				"west": {"uv": [0, 5.5, 0.5, 6], "texture": "#1"},
				"up": {"uv": [0, 5.5, 0.5, 6], "texture": "#1"},
				"down": {"uv": [0, 5.5, 0.5, 6], "texture": "#1"}
			}
		},
		{
			"from": [12, 1, -2],
			"to": [13, 3, 0],
			"faces": {
				"north": {"uv": [0, 5.5, 0.5, 6], "texture": "#1"},
				"east": {"uv": [0, 5.5, 0.5, 6], "texture": "#1"},
				"south": {"uv": [0, 5.5, 0.5, 6], "texture": "#1"},
				"west": {"uv": [0, 5.5, 0.5, 6], "texture": "#1"},
				"up": {"uv": [0, 5.5, 0.5, 6], "texture": "#1"},
				"down": {"uv": [0, 5.5, 0.5, 6], "texture": "#1"}
			}
		},
		{
			"from": [11, 1, -3],
			"to": [12, 3, 0],
			"faces": {
				"north": {"uv": [0, 5.5, 0.5, 6], "texture": "#1"},
				"east": {"uv": [0, 5.5, 0.5, 6], "texture": "#1"},
				"south": {"uv": [0, 5.5, 0.5, 6], "texture": "#1"},
				"west": {"uv": [0, 5.5, 0.5, 6], "texture": "#1"},
				"up": {"uv": [0, 5.5, 0.5, 6], "texture": "#1"},
				"down": {"uv": [0, 5.5, 0.5, 6], "texture": "#1"}
			}
		},
		{
			"from": [11, 3, -2],
			"to": [12, 4, 0],
			"faces": {
				"north": {"uv": [0, 5.5, 0.5, 6], "texture": "#1"},
				"east": {"uv": [0, 5.5, 0.5, 6], "texture": "#1"},
				"south": {"uv": [0, 5.5, 0.5, 6], "texture": "#1"},
				"west": {"uv": [0, 5.5, 0.5, 6], "texture": "#1"},
				"up": {"uv": [0, 5.5, 0.5, 6], "texture": "#1"},
				"down": {"uv": [0, 5.5, 0.5, 6], "texture": "#1"}
			}
		},
		{
			"from": [10, 3, -3],
			"to": [11, 4, 0],
			"faces": {
				"north": {"uv": [0, 5.5, 0.5, 6], "texture": "#1"},
				"east": {"uv": [0, 5.5, 0.5, 6], "texture": "#1"},
				"south": {"uv": [0, 5.5, 0.5, 6], "texture": "#1"},
				"west": {"uv": [0, 5.5, 0.5, 6], "texture": "#1"},
				"up": {"uv": [0, 5.5, 0.5, 6], "texture": "#1"},
				"down": {"uv": [0, 5.5, 0.5, 6], "texture": "#1"}
			}
		},
		{
			"from": [10, 4, -2],
			"to": [11, 5, 0],
			"faces": {
				"north": {"uv": [0, 5.5, 0.5, 6], "texture": "#1"},
				"east": {"uv": [0, 5.5, 0.5, 6], "texture": "#1"},
				"south": {"uv": [0, 5.5, 0.5, 6], "texture": "#1"},
				"west": {"uv": [0, 5.5, 0.5, 6], "texture": "#1"},
				"up": {"uv": [0, 5.5, 0.5, 6], "texture": "#1"},
				"down": {"uv": [0, 5.5, 0.5, 6], "texture": "#1"}
			}
		},
		{
			"from": [11, 4, -1],
			"to": [12, 5, 0],
			"faces": {
				"north": {"uv": [0, 5.5, 0.5, 6], "texture": "#1"},
				"east": {"uv": [0, 5.5, 0.5, 6], "texture": "#1"},
				"south": {"uv": [0, 5.5, 0.5, 6], "texture": "#1"},
				"west": {"uv": [0, 5.5, 0.5, 6], "texture": "#1"},
				"up": {"uv": [0, 5.5, 0.5, 6], "texture": "#1"},
				"down": {"uv": [0, 5.5, 0.5, 6], "texture": "#1"}
			}
		},
		{
			"from": [10, 5, -1],
			"to": [11, 6, 0],
			"faces": {
				"north": {"uv": [0, 5.5, 0.5, 6], "texture": "#1"},
				"east": {"uv": [0, 5.5, 0.5, 6], "texture": "#1"},
				"south": {"uv": [0, 5.5, 0.5, 6], "texture": "#1"},
				"west": {"uv": [0, 5.5, 0.5, 6], "texture": "#1"},
				"up": {"uv": [0, 5.5, 0.5, 6], "texture": "#1"},
				"down": {"uv": [0, 5.5, 0.5, 6], "texture": "#1"}
			}
		},
		{
			"from": [9, 5, -2],
			"to": [10, 6, 0],
			"faces": {
				"north": {"uv": [0, 5.5, 0.5, 6], "texture": "#1"},
				"east": {"uv": [0, 5.5, 0.5, 6], "texture": "#1"},
				"south": {"uv": [0, 5.5, 0.5, 6], "texture": "#1"},
				"west": {"uv": [0, 5.5, 0.5, 6], "texture": "#1"},
				"up": {"uv": [0, 5.5, 0.5, 6], "texture": "#1"},
				"down": {"uv": [0, 5.5, 0.5, 6], "texture": "#1"}
			}
		},
		{
			"from": [9, 6, -1],
			"to": [10, 7, 0],
			"faces": {
				"north": {"uv": [0, 5.5, 0.5, 6], "texture": "#1"},
				"east": {"uv": [0, 5.5, 0.5, 6], "texture": "#1"},
				"south": {"uv": [0, 5.5, 0.5, 6], "texture": "#1"},
				"west": {"uv": [0, 5.5, 0.5, 6], "texture": "#1"},
				"up": {"uv": [0, 5.5, 0.5, 6], "texture": "#1"},
				"down": {"uv": [0, 5.5, 0.5, 6], "texture": "#1"}
			}
		},
		{
			"from": [7, 6, -2],
			"to": [9, 7, 0],
			"faces": {
				"north": {"uv": [0, 5.5, 0.5, 6], "texture": "#1"},
				"east": {"uv": [0, 5.5, 0.5, 6], "texture": "#1"},
				"south": {"uv": [0, 5.5, 0.5, 6], "texture": "#1"},
				"west": {"uv": [0, 5.5, 0.5, 6], "texture": "#1"},
				"up": {"uv": [0, 5.5, 0.5, 6], "texture": "#1"},
				"down": {"uv": [0, 5.5, 0.5, 6], "texture": "#1"}
			}
		},
		{
			"from": [6, 6, -1],
			"to": [7, 7, 0],
			"faces": {
				"north": {"uv": [0, 5.5, 0.5, 6], "texture": "#1"},
				"east": {"uv": [0, 5.5, 0.5, 6], "texture": "#1"},
				"south": {"uv": [0, 5.5, 0.5, 6], "texture": "#1"},
				"west": {"uv": [0, 5.5, 0.5, 6], "texture": "#1"},
				"up": {"uv": [0, 5.5, 0.5, 6], "texture": "#1"},
				"down": {"uv": [0, 5.5, 0.5, 6], "texture": "#1"}
			}
		},
		{
			"from": [6, 5, -2],
			"to": [7, 6, 0],
			"faces": {
				"north": {"uv": [0, 5.5, 0.5, 6], "texture": "#1"},
				"east": {"uv": [0, 5.5, 0.5, 6], "texture": "#1"},
				"south": {"uv": [0, 5.5, 0.5, 6], "texture": "#1"},
				"west": {"uv": [0, 5.5, 0.5, 6], "texture": "#1"},
				"up": {"uv": [0, 5.5, 0.5, 6], "texture": "#1"},
				"down": {"uv": [0, 5.5, 0.5, 6], "texture": "#1"}
			}
		},
		{
			"from": [5, 5, -1],
			"to": [6, 6, 0],
			"faces": {
				"north": {"uv": [0, 5.5, 0.5, 6], "texture": "#1"},
				"east": {"uv": [0, 5.5, 0.5, 6], "texture": "#1"},
				"south": {"uv": [0, 5.5, 0.5, 6], "texture": "#1"},
				"west": {"uv": [0, 5.5, 0.5, 6], "texture": "#1"},
				"up": {"uv": [0, 5.5, 0.5, 6], "texture": "#1"},
				"down": {"uv": [0, 5.5, 0.5, 6], "texture": "#1"}
			}
		},
		{
			"from": [5, 4, -2],
			"to": [6, 5, 0],
			"faces": {
				"north": {"uv": [0, 5.5, 0.5, 6], "texture": "#1"},
				"east": {"uv": [0, 5.5, 0.5, 6], "texture": "#1"},
				"south": {"uv": [0, 5.5, 0.5, 6], "texture": "#1"},
				"west": {"uv": [0, 5.5, 0.5, 6], "texture": "#1"},
				"up": {"uv": [0, 5.5, 0.5, 6], "texture": "#1"},
				"down": {"uv": [0, 5.5, 0.5, 6], "texture": "#1"}
			}
		},
		{
			"from": [4, 4, -1],
			"to": [5, 5, 0],
			"faces": {
				"north": {"uv": [0, 5.5, 0.5, 6], "texture": "#1"},
				"east": {"uv": [0, 5.5, 0.5, 6], "texture": "#1"},
				"south": {"uv": [0, 5.5, 0.5, 6], "texture": "#1"},
				"west": {"uv": [0, 5.5, 0.5, 6], "texture": "#1"},
				"up": {"uv": [0, 5.5, 0.5, 6], "texture": "#1"},
				"down": {"uv": [0, 5.5, 0.5, 6], "texture": "#1"}
			}
		},
		{
			"from": [4, 3, -2],
			"to": [5, 4, 0],
			"faces": {
				"north": {"uv": [0, 5.5, 0.5, 6], "texture": "#1"},
				"east": {"uv": [0, 5.5, 0.5, 6], "texture": "#1"},
				"south": {"uv": [0, 5.5, 0.5, 6], "texture": "#1"},
				"west": {"uv": [0, 5.5, 0.5, 6], "texture": "#1"},
				"up": {"uv": [0, 5.5, 0.5, 6], "texture": "#1"},
				"down": {"uv": [0, 5.5, 0.5, 6], "texture": "#1"}
			}
		},
		{
			"from": [5, 3, -3],
			"to": [6, 4, 0],
			"faces": {
				"north": {"uv": [0, 5.5, 0.5, 6], "texture": "#1"},
				"east": {"uv": [0, 5.5, 0.5, 6], "texture": "#1"},
				"south": {"uv": [0, 5.5, 0.5, 6], "texture": "#1"},
				"west": {"uv": [0, 5.5, 0.5, 6], "texture": "#1"},
				"up": {"uv": [0, 5.5, 0.5, 6], "texture": "#1"},
				"down": {"uv": [0, 5.5, 0.5, 6], "texture": "#1"}
			}
		},
		{
			"from": [4, 1, -3],
			"to": [5, 3, 0],
			"faces": {
				"north": {"uv": [0, 5.5, 0.5, 6], "texture": "#1"},
				"east": {"uv": [0, 5.5, 0.5, 6], "texture": "#1"},
				"south": {"uv": [0, 5.5, 0.5, 6], "texture": "#1"},
				"west": {"uv": [0, 5.5, 0.5, 6], "texture": "#1"},
				"up": {"uv": [0, 5.5, 0.5, 6], "texture": "#1"},
				"down": {"uv": [0, 5.5, 0.5, 6], "texture": "#1"}
			}
		},
		{
			"from": [5, 1, -2],
			"to": [11, 3, -1],
			"faces": {
				"north": {"uv": [3, 7, 6, 8], "texture": "#1"},
				"east": {"uv": [3, 7, 3.5, 8], "texture": "#1"},
				"south": {"uv": [3, 7, 6, 8], "texture": "#1"},
				"west": {"uv": [5.5, 7, 6, 8], "texture": "#1"},
				"up": {"uv": [3, 7, 6, 7.5], "texture": "#1"},
				"down": {"uv": [3, 7.5, 6, 8], "texture": "#1"}
			}
		},
		{
			"from": [6, 3, -1],
			"to": [10, 5, 0],
			"faces": {
				"north": {"uv": [3.5, 7, 5.5, 8], "texture": "#1"},
				"east": {"uv": [3.5, 7, 4, 8], "texture": "#1"},
				"south": {"uv": [3.5, 7, 5.5, 8], "texture": "#1"},
				"west": {"uv": [5, 7, 5.5, 8], "texture": "#1"},
				"up": {"uv": [3.5, 7, 5.5, 7.5], "texture": "#1"},
				"down": {"uv": [3.5, 7.5, 5.5, 8], "texture": "#1"}
			}
		},
		{
			"from": [7, 5, -1],
			"to": [9, 6, 0],
			"faces": {
				"north": {"uv": [4, 7, 5, 7.5], "texture": "#1"},
				"east": {"uv": [4, 7, 4.5, 7.5], "texture": "#1"},
				"south": {"uv": [4, 7, 5, 7.5], "texture": "#1"},
				"west": {"uv": [4.5, 7, 5, 7.5], "texture": "#1"},
				"up": {"uv": [4, 7, 5, 7.5], "texture": "#1"},
				"down": {"uv": [4, 7, 5, 7.5], "texture": "#1"}
			}
		},
		{
			"from": [0, 0, -0.5],
			"to": [3, 7, 0],
			"faces": {
				"north": {"uv": [11.5, 0, 13, 3.5], "texture": "#1"},
				"east": {"uv": [11.5, 0, 12, 3.5], "texture": "#1"},
				"south": {"uv": [11.5, 0, 13, 3.5], "texture": "#1"},
				"west": {"uv": [12.5, 0, 13, 3.5], "texture": "#1"},
				"up": {"uv": [11.5, 0, 12, 1.5], "rotation": 90, "texture": "#1"},
				"down": {"uv": [11.5, 3, 13, 3.5], "texture": "#1"}
			}
		},
		{
			"from": [3, 3, -0.5],
			"to": [4, 7, 0],
			"faces": {
				"north": {"uv": [12, 0.5, 12.5, 2.5], "texture": "#1"},
				"east": {"uv": [12, 0.5, 12.5, 2.5], "texture": "#1"},
				"south": {"uv": [12, 0.5, 12.5, 2.5], "texture": "#1"},
				"west": {"uv": [12, 0.5, 12.5, 2.5], "texture": "#1"},
				"up": {"uv": [12, 0.5, 12.5, 1], "texture": "#1"},
				"down": {"uv": [12, 2, 12.5, 2.5], "texture": "#1"}
			}
		},
		{
			"from": [4, 5, -0.5],
			"to": [5, 7, 0],
			"faces": {
				"north": {"uv": [11.5, 1, 12, 1.5], "texture": "#1"},
				"east": {"uv": [11.5, 1, 12, 1.5], "texture": "#1"},
				"south": {"uv": [11.5, 1, 12, 1.5], "texture": "#1"},
				"west": {"uv": [11.5, 1, 12, 1.5], "texture": "#1"},
				"up": {"uv": [11.5, 1, 12, 1.5], "texture": "#1"},
				"down": {"uv": [11.5, 1, 12, 1.5], "texture": "#1"}
			}
		},
		{
			"from": [5, 6, -0.5],
			"to": [6, 7, 0],
			"faces": {
				"north": {"uv": [11.5, 1, 12, 1.5], "texture": "#1"},
				"east": {"uv": [11.5, 1, 12, 1.5], "texture": "#1"},
				"south": {"uv": [11.5, 1, 12, 1.5], "texture": "#1"},
				"west": {"uv": [11.5, 1, 12, 1.5], "texture": "#1"},
				"up": {"uv": [11.5, 1, 12, 1.5], "texture": "#1"},
				"down": {"uv": [11.5, 1, 12, 1.5], "texture": "#1"}
			}
		},
		{
			"from": [10, 6, -0.5],
			"to": [11, 7, 0],
			"faces": {
				"north": {"uv": [11.5, 1, 12, 1.5], "texture": "#1"},
				"east": {"uv": [11.5, 1, 12, 1.5], "texture": "#1"},
				"south": {"uv": [11.5, 1, 12, 1.5], "texture": "#1"},
				"west": {"uv": [11.5, 1, 12, 1.5], "texture": "#1"},
				"up": {"uv": [11.5, 1, 12, 1.5], "texture": "#1"},
				"down": {"uv": [11.5, 1, 12, 1.5], "texture": "#1"}
			}
		},
		{
			"from": [11, 5, -0.5],
			"to": [12, 7, 0],
			"faces": {
				"north": {"uv": [11.5, 1, 12, 1.5], "texture": "#1"},
				"east": {"uv": [11.5, 1, 12, 1.5], "texture": "#1"},
				"south": {"uv": [11.5, 1, 12, 1.5], "texture": "#1"},
				"west": {"uv": [11.5, 1, 12, 1.5], "texture": "#1"},
				"up": {"uv": [11.5, 1, 12, 1.5], "texture": "#1"},
				"down": {"uv": [11.5, 1, 12, 1.5], "texture": "#1"}
			}
		},
		{
			"from": [12, 3, -0.5],
			"to": [13, 7, 0],
			"faces": {
				"north": {"uv": [12, 0.5, 12.5, 2.5], "texture": "#1"},
				"east": {"uv": [12, 0.5, 12.5, 2.5], "texture": "#1"},
				"south": {"uv": [12, 0.5, 12.5, 2.5], "texture": "#1"},
				"west": {"uv": [12, 0.5, 12.5, 2.5], "texture": "#1"},
				"up": {"uv": [12, 0.5, 12.5, 1], "texture": "#1"},
				"down": {"uv": [12, 2, 12.5, 2.5], "texture": "#1"}
			}
		},
		{
			"from": [13, 0, -0.5],
			"to": [16, 7, 0],
			"faces": {
				"north": {"uv": [13, 0, 11.5, 3.5], "texture": "#1"},
				"east": {"uv": [13, 0, 12.5, 3.5], "texture": "#1"},
				"south": {"uv": [13, 0, 11.5, 3.5], "texture": "#1"},
				"west": {"uv": [13, 0, 11.5, 3.5], "texture": "#1"},
				"up": {"uv": [11.5, 1.5, 12, 0], "rotation": 90, "texture": "#1"},
				"down": {"uv": [13, 3, 11.5, 3.5], "texture": "#1"}
			}
		},
		{
			"from": [15, 7, -0.5],
			"to": [16, 10, 0],
			"faces": {
				"north": {"uv": [0, 2.5, 0.53125, 5.09375], "texture": "#1"},
				"east": {"uv": [0, 2.5, 0.53125, 5.09375], "texture": "#1"},
				"south": {"uv": [0, 2.5, 0.53125, 5.09375], "texture": "#1"},
				"west": {"uv": [0, 2.5, 0.53125, 5.09375], "texture": "#1"},
				"up": {"uv": [0, 2.5, 0.53125, 3.09375], "texture": "#1"},
				"down": {"uv": [0, 4.5, 0.53125, 5.09375], "texture": "#1"}
			}
		},
		{
			"from": [0, 7, -0.5],
			"to": [1, 8, 0],
			"faces": {
				"north": {"uv": [0, 2.5, 0.53125, 5.09375], "texture": "#1"},
				"east": {"uv": [0, 2.5, 0.53125, 5.09375], "texture": "#1"},
				"south": {"uv": [0, 2.5, 0.53125, 5.09375], "texture": "#1"},
				"west": {"uv": [0, 2.5, 0.53125, 5.09375], "texture": "#1"},
				"up": {"uv": [0, 2.5, 0.53125, 3.09375], "texture": "#1"},
				"down": {"uv": [0, 4.5, 0.53125, 5.09375], "texture": "#1"}
			}
		},
		{
			"from": [5, 10, -1],
			"to": [11, 11, 0],
			"faces": {
				"north": {"uv": [0, 0, 0.5, 0.5], "texture": "#1"},
				"east": {"uv": [0, 0, 0.5, 0.5], "texture": "#1"},
				"south": {"uv": [0, 0, 0.5, 0.5], "texture": "#1"},
				"west": {"uv": [0, 0, 0.5, 0.5], "texture": "#1"},
				"up": {"uv": [0, 0, 0.5, 0.5], "texture": "#1"},
				"down": {"uv": [0, 0, 0.5, 0.5], "texture": "#1"}
			}
		},
		{
			"from": [6, 9, -0.5],
			"to": [7, 10, 0],
			"faces": {
				"north": {"uv": [11.5, 1, 12, 1.5], "texture": "#1"},
				"east": {"uv": [11.5, 1, 12, 1.5], "texture": "#1"},
				"south": {"uv": [11.5, 1, 12, 1.5], "texture": "#1"},
				"west": {"uv": [11.5, 1, 12, 1.5], "texture": "#1"},
				"up": {"uv": [11.5, 1, 12, 1.5], "texture": "#1"},
				"down": {"uv": [11.5, 1, 12, 1.5], "texture": "#1"}
			}
		},
		{
			"from": [9, 9, -0.5],
			"to": [10, 10, 0],
			"faces": {
				"north": {"uv": [11.5, 1, 12, 1.5], "texture": "#1"},
				"east": {"uv": [11.5, 1, 12, 1.5], "texture": "#1"},
				"south": {"uv": [11.5, 1, 12, 1.5], "texture": "#1"},
				"west": {"uv": [11.5, 1, 12, 1.5], "texture": "#1"},
				"up": {"uv": [11.5, 1, 12, 1.5], "texture": "#1"},
				"down": {"uv": [11.5, 1, 12, 1.5], "texture": "#1"}
			}
		},
		{
			"from": [10, 11, -1],
			"to": [15, 12, 0],
			"faces": {
				"north": {"uv": [0, 0, 0.5, 0.5], "texture": "#1"},
				"east": {"uv": [0, 0, 0.5, 0.5], "texture": "#1"},
				"south": {"uv": [0, 0, 0.5, 0.5], "texture": "#1"},
				"west": {"uv": [0, 0, 0.5, 0.5], "texture": "#1"},
				"up": {"uv": [0, 0, 0.5, 0.5], "texture": "#1"},
				"down": {"uv": [0, 0, 0.5, 0.5], "texture": "#1"}
			}
		},
		{
			"from": [15, 10, -1],
			"to": [16, 12, 0],
			"faces": {
				"north": {"uv": [0, 0, 0.5, 0.5], "texture": "#1"},
				"east": {"uv": [0, 0, 0.5, 0.5], "texture": "#1"},
				"south": {"uv": [0, 0, 0.5, 0.5], "texture": "#1"},
				"west": {"uv": [0, 0, 0.5, 0.5], "texture": "#1"},
				"up": {"uv": [0, 0, 0.5, 0.5], "texture": "#1"},
				"down": {"uv": [0, 0, 0.5, 0.5], "texture": "#1"}
			}
		},
		{
			"from": [7, 11, -0.5],
			"to": [9, 16.5, 0],
			"faces": {
				"north": {"uv": [8.5, 0, 9.5, 2.75], "texture": "#1"},
				"east": {"uv": [8.5, 0, 9, 2.75], "texture": "#1"},
				"south": {"uv": [8.5, 0, 9.5, 2.75], "texture": "#1"},
				"west": {"uv": [9, 0, 9.5, 2.75], "texture": "#1"},
				"up": {"uv": [8.5, 0, 9.5, 0.25], "texture": "#1"},
				"down": {"uv": [8.5, 2.5, 9.5, 2.75], "texture": "#1"}
			}
		},
		{
			"from": [7, 7, -0.5],
			"to": [9, 10, 0],
			"faces": {
				"north": {"uv": [8.5, 0, 9.5, 1.5], "texture": "#1"},
				"east": {"uv": [8.5, 0, 9, 1.5], "texture": "#1"},
				"south": {"uv": [8.5, 0, 9.5, 1.5], "texture": "#1"},
				"west": {"uv": [9, 0, 9.5, 1.5], "texture": "#1"},
				"up": {"uv": [8.5, 0, 9.5, 0.5], "texture": "#1"},
				"down": {"uv": [8.5, 1, 9.5, 1.5], "texture": "#1"}
			}
		},
		{
			"from": [7, 16, 0],
			"to": [9, 16.5, 16],
			"faces": {
				"north": {"uv": [9.5, 7.5, 10.5, 8], "texture": "#1"},
				"east": {"uv": [9.5, 0, 10, 8], "texture": "#1"},
				"south": {"uv": [9.5, 0, 10.5, 0.5], "texture": "#1"},
				"west": {"uv": [10, 0, 10.5, 8], "texture": "#1"},
				"up": {"uv": [9.5, 0, 10.5, 8], "texture": "#1"},
				"down": {"uv": [9.5, 0, 10.5, 8], "texture": "#1"}
			}
		},
		{
			"from": [7, 9, 16],
			"to": [9, 16.5, 16.5],
			"faces": {
				"north": {"uv": [10.5, 0, 11.5, 3.75], "texture": "#1"},
				"east": {"uv": [11, 0, 11.5, 3.75], "texture": "#1"},
				"south": {"uv": [10.5, 0, 11.5, 3.75], "texture": "#1"},
				"west": {"uv": [10.5, 0, 11, 3.75], "texture": "#1"},
				"up": {"uv": [10.5, 0, 11.5, 0.25], "texture": "#1"},
				"down": {"uv": [10.5, 3.5, 11.5, 3.75], "texture": "#1"}
			}
		},
		{
			"from": [0, -7, 18],
			"to": [16, 3, 19],
			"rotation": {"angle": -22.5, "axis": "x", "origin": [0, 0, 0]},
			"faces": {
				"north": {"uv": [0, 11, 8, 16], "texture": "#1"},
				"east": {"uv": [7.5, 11, 8, 16], "texture": "#1"},
				"south": {"uv": [0, 11, 8, 16], "texture": "#1"},
				"west": {"uv": [0, 11, 0.5, 16], "texture": "#1"},
				"up": {"uv": [0, 11, 8, 11.5], "texture": "#1"},
				"down": {"uv": [0, 15.5, 8, 16], "texture": "#1"}
			}
		},
		{
			"from": [18, -7, -0.98],
			"to": [19, 4, 15.97],
			"rotation": {"angle": 22.5, "axis": "z", "origin": [0, 0, 0]},
			"faces": {
				"north": {"uv": [8, 0, 8.5, 5.5], "texture": "#1"},
				"east": {"uv": [0, 0, 8.5, 5.5], "texture": "#1"},
				"south": {"uv": [0, 0, 0.5, 5.5], "texture": "#1"},
				"west": {"uv": [0, 0, 8.5, 5.5], "texture": "#1"},
				"up": {"uv": [0, 0, 8.5, 0.5], "texture": "#1"},
				"down": {"uv": [0, 5, 8.5, 5.5], "texture": "#1"}
			}
		},
		{
			"from": [11, 9, -0.25],
			"to": [15, 11, 0],
			"faces": {
				"north": {"uv": [3, 6, 1, 7], "texture": "#1"},
				"east": {"uv": [1, 6, 1.125, 7], "texture": "#1"},
				"south": {"uv": [1, 6, 3, 7], "texture": "#1"},
				"west": {"uv": [2.5, 6, 2.625, 7], "texture": "#1"},
				"up": {"uv": [1, 6, 3, 6.125], "texture": "#1"},
				"down": {"uv": [1, 6.5, 3, 6.625], "texture": "#1"}
			}
		},
		{
			"from": [9, 7, -0.25],
			"to": [15, 9, 0],
			"faces": {
				"north": {"uv": [0, 7, 3, 8], "texture": "#1"},
				"east": {"uv": [0, 7, 0.125, 8], "texture": "#1"},
				"south": {"uv": [0, 7, 3, 8], "texture": "#1"},
				"west": {"uv": [2.5, 7, 2.625, 8], "texture": "#1"},
				"up": {"uv": [0, 7, 3, 7.125], "texture": "#1"},
				"down": {"uv": [0, 7.5, 3, 7.625], "texture": "#1"}
			}
		},
		{
			"from": [10, 9, -0.25],
			"to": [11, 10, 0],
			"faces": {
				"north": {"uv": [1, 6, 1.5, 6.5], "texture": "#1"},
				"east": {"uv": [1, 6, 1.5, 6.5], "texture": "#1"},
				"south": {"uv": [1, 6, 1.5, 6.5], "texture": "#1"},
				"west": {"uv": [1, 6, 1.5, 6.5], "texture": "#1"},
				"up": {"uv": [1, 6, 1.5, 6.5], "texture": "#1"},
				"down": {"uv": [1, 6, 1.5, 6.5], "texture": "#1"}
			}
		},
		{
			"from": [1, 0, 1],
			"to": [15, 1, 15],
			"faces": {
				"north": {"uv": [1, 1, 15, 15], "texture": "#0"},
				"east": {"uv": [1, 1, 15, 15], "texture": "#0"},
				"south": {"uv": [1, 1, 15, 15], "texture": "#0"},
				"west": {"uv": [1, 1, 15, 15], "texture": "#0"},
				"up": {"uv": [1, 1, 15, 15], "texture": "#0"},
				"down": {"uv": [1, 1, 15, 15], "texture": "#0"}
			}
		},
		{
			"from": [9, 0, 0],
			"to": [16, 16, 1],
			"faces": {
				"north": {"uv": [0, 0, 7, 16], "texture": "#0"},
				"east": {"uv": [0, 0, 1, 16], "texture": "#0"},
				"south": {"uv": [0, 0, 7, 16], "texture": "#0"},
				"west": {"uv": [6, 0, 7, 16], "texture": "#0"},
				"up": {"uv": [0, 0, 7, 1], "texture": "#0"},
				"down": {"uv": [0, 15, 7, 16], "texture": "#0"}
			}
		},
		{
			"from": [9, 0, 15],
			"to": [16, 16, 16],
			"faces": {
				"north": {"uv": [9, 0, 16, 16], "texture": "#0"},
				"east": {"uv": [15, 0, 16, 16], "texture": "#0"},
				"south": {"uv": [9, 0, 16, 16], "texture": "#0"},
				"west": {"uv": [9, 0, 10, 16], "texture": "#0"},
				"up": {"uv": [9, 0, 16, 1], "texture": "#0"},
				"down": {"uv": [9, 16, 16, 15], "texture": "#0"}
			}
		},
		{
			"from": [9, 15, 1],
			"to": [15, 16, 15],
			"faces": {
				"north": {"uv": [1, 1, 7, 15], "rotation": 180, "texture": "#0"},
				"east": {"uv": [1, 1, 7, 15], "rotation": 180, "texture": "#0"},
				"south": {"uv": [1, 1, 7, 15], "rotation": 180, "texture": "#0"},
				"west": {"uv": [1, 1, 7, 15], "rotation": 180, "texture": "#0"},
				"up": {"uv": [1, 1, 7, 15], "rotation": 180, "texture": "#0"},
				"down": {"uv": [1, 1, 7, 15], "rotation": 180, "texture": "#0"}
			}
		},
		{
			"from": [15, 0, 1],
			"to": [16, 16, 15],
			"faces": {
				"north": {"uv": [1, 0, 2, 16], "texture": "#0"},
				"east": {"uv": [1, 0, 15, 16], "texture": "#0"},
				"south": {"uv": [14, 0, 15, 16], "texture": "#0"},
				"west": {"uv": [1, 0, 15, 16], "texture": "#0"},
				"up": {"uv": [1, 0, 15, 1], "rotation": 90, "texture": "#0"},
				"down": {"uv": [1, 15, 15, 16], "texture": "#0"}
			}
		},
		{
			"from": [0, 0, 0],
			"to": [1, 3, 16],
			"faces": {
				"north": {"uv": [0, 4, 0.5, 5.5], "texture": "#1"},
				"east": {"uv": [0, 4, 8.5, 5.5], "texture": "#1"},
				"south": {"uv": [8, 4, 8.5, 5.5], "texture": "#1"},
				"west": {"uv": [0, 4, 8.5, 5.5], "texture": "#1"},
				"up": {"uv": [0, 4, 8.5, 4.5], "rotation": 90, "texture": "#1"},
				"down": {"uv": [0, 4, 8.5, 5.5], "texture": "#1"}
			}
		},
		{
			"from": [1, 0, 0],
			"to": [9, 1, 1],
			"faces": {
				"north": {"uv": [0, 0, 7, 1], "texture": "#0"},
				"east": {"uv": [0, 0, 7, 1], "texture": "#0"},
				"south": {"uv": [0, 0, 7, 1], "texture": "#0"},
				"west": {"uv": [0, 0, 7, 1], "texture": "#0"},
				"up": {"uv": [0, 0, 7, 1], "texture": "#0"},
				"down": {"uv": [0, 0, 7, 1], "texture": "#0"}
			}
		}
	],
	"display": {
		"thirdperson_righthand": {
			"rotation": [75, 45, 0],
			"translation": [0, 2.5, 0],
			"scale": [0.375, 0.375, 0.375]
		},
		"thirdperson_lefthand": {
			"rotation": [75, 45, 0],
			"translation": [0, 2.5, 0],
			"scale": [0.375, 0.375, 0.375]
		},
		"firstperson_righthand": {
			"rotation": [0, 45, 0],
			"scale": [0.4, 0.4, 0.4]
		},
		"firstperson_lefthand": {
			"rotation": [0, 225, 0],
			"scale": [0.4, 0.4, 0.4]
		},
		"ground": {
			"translation": [0, 3, 0],
			"scale": [0.25, 0.25, 0.25]
		},
		"gui": {
			"rotation": [30, 225, 0],
			"scale": [0.5, 0.5, 0.5]
		},
		"fixed": {
			"scale": [0.5, 0.5, 0.5]
		}
	},
	"groups": [
		{
			"name": "vader_helmet",
			"origin": [8, 8, 8],
			"color": 0,
			"children": [
				{
					"name": "mouth",
					"origin": [8, 8, 8],
					"color": 0,
					"children": [
						{
							"name": "border",
							"origin": [8, 8, 8],
							"color": 0,
							"children": [0, 1, 2, 3, 4, 5, 6, 7, 8, 9, 10, 11, 12, 13, 14, 15, 16, 17, 18, 19, 20, 21, 22, 23]
						},
						{
							"name": "grid",
							"origin": [8, 8, 8],
							"color": 0,
							"children": [24, 25, 26]
						}
					]
				},
				{
					"name": "face plates",
					"origin": [8, 8, 8],
					"color": 0,
					"children": [27, 28, 29, 30, 31, 32, 33, 34, 35, 36, 37, 38, 39, 40, 41]
				},
				{
					"name": "head line",
					"origin": [8, 8, 8],
					"color": 0,
					"children": [42, 43, 44, 45]
				},
				{
					"name": "side panels",
					"origin": [8, 8, 8],
					"color": 0,
					"children": [46, 47]
				},
				{
					"name": "eyes",
					"origin": [8, 8, 8],
					"color": 0,
					"children": [48, 49, 50]
				},
				{
					"name": "base helmet",
					"origin": [8, 8, 8],
					"color": 0,
					"children": [51, 52, 53, 54, 55, 56, 57]
				}
			]
		}
	]
}