{
    "type": "minecraft:jigsaw",
    "biomes": [
      "minecraft:desert",
      "minecraft:badlands",
      "minecraft:birch_forest",
      "minecraft:flower_forest",
      "minecraft:forest",
      "minecraft:grove",
      "minecraft:ice_spikes",
      "minecraft:jungle",
      "minecraft:jagged_peaks",
      "minecraft:meadow",
      "minecraft:plains",
      "minecraft:savanna",
      "minecraft:snowy_plains",
      "minecraft:sparse_jungle",
      "minecraft:sunflower_plains",
      "minecraft:taiga",
      "minecraft:windswept_forest",
      "minecraft:windswept_gravelly_hills",
      "minecraft:windswept_hills",
      "minecraft:windswept_savanna"
    ],
    "step": "surface_structures",
    "spawn_overrides": {},
    "terrain_adaptation": "beard_thin",
    "start_pool": "ap-rm_portalgun:laboratory",
    "size": 7,
    "start_height": {
      "absolute": 0
    },
    "project_start_to_heightmap": "WORLD_SURFACE_WG",
    "max_distance_from_center": 1,
    "use_expansion_hack": false
  }
  