{
  "display": {
    "icon": {
      "item": "minecraft:shears",
      "nbt": "{CustomModelData:1}"
    },
    "title": {
      "translate": "\u00a7aAlien\u00a75-\u00a76Packs \u00a7e[Tutorial Tab]"
    },
    "description": {
      "translate": "Tutorial Tab of \u00a72\"Mr3DAlien's Alien-Packs\" \u00a7aSeries"
    },
    "frame": "task",
    "show_toast": false,
    "announce_to_chat": false,
    "hidden": false,
    "background": "minecraft:textures/custom/alien-packs/base/advancement/test.png"
  },
  "criteria": {
    "crafting_table": {
      "trigger": "minecraft:inventory_changed",
      "conditions": {
        "items": [
          {
            "items": [
              "minecraft:crafting_table"
            ]
          }
        ]
      }
    }
  },
  "requirements": [
    [
      "crafting_table"
    ]
  ]
}