{
    "pools": [
      {
        "rolls": {
          "min": 8,
          "max": 24
        },
        "entries": [
          {
            "type": "minecraft:item",
            "name": "minecraft:gold_nugget"
          },
          {
            "type": "minecraft:item",
            "name": "minecraft:twisting_vines"
          },
          {
            "type": "minecraft:item",
            "name": "minecraft:warped_roots"
          },
          {
            "type": "minecraft:item",
            "name": "minecraft:warped_fungus"
          }
        ]
      },
      {
        "rolls": 1,
        "entries": [
          {
            "type": "minecraft:item",
            "weight": 2,
            "name": "minecraft:netherite_ingot"
          },
          {
            "type": "minecraft:item",
            "weight": 2,
            "name": "minecraft:netherite_scrap",
            "functions": [
              {
                "function": "minecraft:set_count",
                "count": {
                  "min": 1,
                  "max": 4
                }
              }
            ]
          },
          {
            "type": "minecraft:empty",
            "weight": 12
          }
        ]
      },
      {
        "rolls": 1,
        "entries": [
          {
            "type": "minecraft:empty",
            "weight": 20
          },
          {
            "type": "minecraft:loot_table",
            "weight": 1,
            "name": "ap-cj_customjukebox:chests/rm_portalgun/the_source"
          }
        ]
      },
      {
        "rolls": 1,
        "entries": [
          {
            "type": "minecraft:item",
            "weight": 6,
            "name": "minecraft:gold_ingot",
            "functions": [
              {
                "function": "minecraft:set_count",
                "count": {
                  "min": 1,
                  "max": 3
                }
              }
            ]
          },
          {
            "type": "minecraft:empty",
            "weight": 10
          }
        ]
      }
    ]
  }
  