{
    "parent": "alien-packs:tutorial/root",
    "display": {
      "icon": {
        "item": "minecraft:shears",
        "nbt": "{CustomModelData:2}"
      },
      "title": {
        "translate": "\u00a7bLight Sabers"
      },
      "description": {
        "translate": "The Tutorial Tab for the \u00a7b\"Light Sabers Datapack\""
      },
      "frame": "task",
      "show_toast": false,
      "announce_to_chat": false,
      "hidden": false
    },
    "criteria": {
      "crafting_table": {
        "trigger": "minecraft:inventory_changed",
        "conditions": {
          "items": [
            {
              "items": [
                "minecraft:crafting_table"
              ]
            }
          ]
        }
      }
    },
    "requirements": [
      [
        "crafting_table"
      ]
    ]
  }