[
    {
      "condition": "minecraft:inverted",
      "term": {
        "condition": "minecraft:entity_properties",
        "entity": "this",
        "predicate": {
          "nbt": "{Tags:[\"ap-rm_tool_smith_setup\"]}"
        }
      }
    },
    {
      "condition": "minecraft:entity_properties",
      "entity": "this",
      "predicate": {
        "type": "minecraft:villager",
        "nbt": "{VillagerData:{profession:\"minecraft:toolsmith\",level:5}}"
      }
    }
  ]
  