{
    "feature": "ap-rm_portalgun:glass_world/ore_copper_small",
    "placement": [
      {
        "type": "minecraft:count",
        "count": 16
      },
      {
        "type": "minecraft:in_square"
      },
      {
        "type": "minecraft:height_range",
        "height": {
          "type": "minecraft:trapezoid",
          "max_inclusive": {
            "absolute": 112
          },
          "min_inclusive": {
            "absolute": -16
          }
        }
      },
      {
        "type": "minecraft:biome"
      }
    ]
  }