{
    "name": "ap-rm_portalgun:desert_world/pyramid/treasure",
    "fallback": "minecraft:empty",
    "elements": [
        {
            "weight": 2,
            "element": {
                "location": "ap-rm_portalgun:desert_world/pyramid/treasure",
                "processors": "minecraft:empty",
                "projection": "rigid",
                "element_type": "single_pool_element"
            }
        },
        {
            "weight": 1,
            "element": {
                "location": "ap-rm_portalgun:desert_world/pyramid/empty",
                "processors": "minecraft:empty",
                "projection": "rigid",
                "element_type": "single_pool_element"
            }
        }
    ]
}