{
  "pools": [
      {
          "rolls": 3,
          "entries": [
              {
                  "type": "item",
                  "weight": 15,
                  "name": "minecraft:netherite_ingot",
                  "functions": [
                      {
                          "function": "set_count",
                          "count": 1
                      }
                  ]
              },
              {
                  "type": "item",
                  "weight": 10,
                  "name": "minecraft:ancient_debris",
                  "functions": [
                      {
                          "function": "set_count",
                          "count": 1
                      }
                  ]
              },
              {
                  "type": "item",
                  "weight": 8,
                  "name": "minecraft:netherite_scrap",
                  "functions": [
                      {
                          "function": "set_count",
                          "count": 1
                      }
                  ]
              },
              {
                  "type": "item",
                  "weight": 4,
                  "name": "minecraft:ancient_debris",
                  "functions": [
                      {
                          "function": "set_count",
                          "count": 2
                      }
                  ]
              },
              {
                  "type": "item",
                  "weight": 6,
                  "name": "minecraft:diamond_sword",
                  "functions": [
                      {
                          "function": "set_damage",
                          "damage": {
                              "min": 0.8,
                              "max": 1
                          }
                      },
                      {
                          "function": "enchant_randomly"
                      }
                  ]
              },
              {
                  "type": "item",
                  "weight": 6,
                  "name": "minecraft:diamond_chestplate",
                  "functions": [
                      {
                          "function": "set_damage",
                          "damage": {
                              "min": 0.8,
                              "max": 1
                          }
                      },
                      {
                          "function": "enchant_randomly"
                      }
                  ]
              },
              {
                  "type": "item",
                  "weight": 6,
                  "name": "minecraft:diamond_helmet",
                  "functions": [
                      {
                          "function": "set_damage",
                          "damage": {
                              "min": 0.8,
                              "max": 1
                          }
                      },
                      {
                          "function": "enchant_randomly"
                      }
                  ]
              },
              {
                  "type": "item",
                  "weight": 6,
                  "name": "minecraft:diamond_leggings",
                  "functions": [
                      {
                          "function": "set_damage",
                          "damage": {
                              "min": 0.8,
                              "max": 1
                          }
                      },
                      {
                          "function": "enchant_randomly"
                      }
                  ]
              },
              {
                  "type": "item",
                  "weight": 6,
                  "name": "minecraft:diamond_boots",
                  "functions": [
                      {
                          "function": "set_damage",
                          "damage": {
                              "min": 0.8,
                              "max": 1
                          }
                      },
                      {
                          "function": "enchant_randomly"
                      }
                  ]
              },
              {
                  "type": "item",
                  "weight": 6,
                  "name": "minecraft:diamond_sword"
              },
              {
                  "type": "item",
                  "weight": 5,
                  "name": "minecraft:diamond_chestplate"
              },
              {
                  "type": "item",
                  "weight": 5,
                  "name": "minecraft:diamond_helmet"
              },
              {
                  "type": "item",
                  "weight": 5,
                  "name": "minecraft:diamond_boots"
              },
              {
                  "type": "item",
                  "weight": 5,
                  "name": "minecraft:diamond_leggings"
              },
              {
                  "type": "item",
                  "weight": 5,
                  "name": "minecraft:diamond",
                  "functions": [
                      {
                          "function": "set_count",
                          "count": {
                              "min": 2,
                              "max": 6
                          }
                      }
                  ]
              },
              {
                  "type": "item",
                  "weight": 2,
                  "name": "minecraft:enchanted_golden_apple",
                  "functions": [
                      {
                          "function": "set_count",
                          "count": 1
                      }
                  ]
              }
          ]
      },
      {
          "rolls": {
              "min": 3,
              "max": 4
          },
          "entries": [
              {
                  "type": "item",
                  "weight": 1,
                  "name": "minecraft:spectral_arrow",
                  "functions": [
                      {
                          "function": "set_count",
                          "count": {
                              "min": 12,
                              "max": 25
                          }
                      }
                  ]
              },
              {
                  "type": "item",
                  "weight": 1,
                  "name": "minecraft:gold_block",
                  "functions": [
                      {
                          "function": "set_count",
                          "count": {
                              "min": 2,
                              "max": 5
                          }
                      }
                  ]
              },
              {
                  "type": "item",
                  "weight": 1,
                  "name": "minecraft:iron_block",
                  "functions": [
                      {
                          "function": "set_count",
                          "count": {
                              "min": 2,
                              "max": 5
                          }
                      }
                  ]
              },
              {
                  "type": "item",
                  "weight": 1,
                  "name": "minecraft:gold_ingot",
                  "functions": [
                      {
                          "function": "set_count",
                          "count": {
                              "min": 3,
                              "max": 9
                          }
                      }
                  ]
              },
              {
                  "type": "item",
                  "weight": 1,
                  "name": "minecraft:iron_ingot",
                  "functions": [
                      {
                          "function": "set_count",
                          "count": {
                              "min": 3,
                              "max": 9
                          }
                      }
                  ]
              },
              {
                  "type": "item",
                  "weight": 1,
                  "name": "minecraft:crying_obsidian",
                  "functions": [
                      {
                          "function": "set_count",
                          "count": {
                              "min": 3,
                              "max": 5
                          }
                      }
                  ]
              },
              {
                  "type": "item",
                  "weight": 1,
                  "name": "minecraft:quartz",
                  "functions": [
                      {
                          "function": "set_count",
                          "count": {
                              "min": 8,
                              "max": 23
                          }
                      }
                  ]
              },
              {
                  "type": "item",
                  "weight": 1,
                  "name": "minecraft:gilded_blackstone",
                  "functions": [
                      {
                          "function": "set_count",
                          "count": {
                              "min": 5,
                              "max": 15
                          }
                      }
                  ]
              },
              {
                  "type": "item",
                  "weight": 1,
                  "name": "minecraft:magma_cream",
                  "functions": [
                      {
                          "function": "set_count",
                          "count": {
                              "min": 3,
                              "max": 8
                          }
                      }
                  ]
              }
          ]
      },
      {
          "rolls": 1,
          "entries": [
              {
                  "type": "loot_table",
                  "weight": 1,
                  "name": "ap-light_sabers:chests/bastion_treasure"
              }
          ]
      }
  ]
}