{
  "parent": "minecraft:item/generated",
  "textures": {
    "layer0": "minecraft:item/music_disc_11"
  },
  "overrides": [
		{ "predicate": { "custom_model_data": 1 }, "model": "ap-cj_customjukebox:rm_portalgun/item/music_disc/strange_occurance"},
    { "predicate": { "custom_model_data": 2 }, "model": "ap-cj_customjukebox:rm_portalgun/item/music_disc/toybox"},
    { "predicate": { "custom_model_data": 3 }, "model": "ap-cj_customjukebox:rm_portalgun/item/music_disc/shivers"},
    { "predicate": { "custom_model_data": 4 }, "model": "ap-cj_customjukebox:rm_portalgun/item/music_disc/at_the_end_of_the_day"},
    { "predicate": { "custom_model_data": 5 }, "model": "ap-cj_customjukebox:rm_portalgun/item/music_disc/foreign_fields"},
    { "predicate": { "custom_model_data": 6 }, "model": "ap-cj_customjukebox:rm_portalgun/item/music_disc/house_of_madness"},
    { "predicate": { "custom_model_data": 7 }, "model": "ap-cj_customjukebox:rm_portalgun/item/music_disc/howling_peaks"},
    { "predicate": { "custom_model_data": 8 }, "model": "ap-cj_customjukebox:rm_portalgun/item/music_disc/lost_in_the_halls"},
    { "predicate": { "custom_model_data": 9 }, "model": "ap-cj_customjukebox:rm_portalgun/item/music_disc/that_day"},
    { "predicate": { "custom_model_data": 10 }, "model": "ap-cj_customjukebox:rm_portalgun/item/music_disc/the_bliss_of_the_past"},
    { "predicate": { "custom_model_data": 11 }, "model": "ap-cj_customjukebox:rm_portalgun/item/music_disc/the_source"},
    { "predicate": { "custom_model_data": 12 }, "model": "ap-cj_customjukebox:rm_portalgun/item/music_disc/what_could_have_been"}
	]
}