{
    "type": "minecraft:tree",
    "config": {
      "decorators": [
        {
          "type": "minecraft:beehive",
          "probability": 0.5
        }
      ],
      "dirt_provider": {
        "type": "minecraft:simple_state_provider",
        "state": {
          "Name": "minecraft:dirt"
        }
      },
      "foliage_placer": {
        "type": "minecraft:fancy_foliage_placer",
        "height": 4,
        "offset": 4,
        "radius": 2
      },
      "foliage_provider": {
        "type": "minecraft:simple_state_provider",
        "state": {
          "Name": "minecraft:oak_leaves",
          "Properties": {
            "distance": "7",
            "persistent": "false",
            "waterlogged": "false"
          }
        }
      },
      "force_dirt": false,
      "ignore_vines": true,
      "minimum_size": {
        "type": "minecraft:two_layers_feature_size",
        "limit": 0,
        "lower_size": 0,
        "min_clipped_height": 4,
        "upper_size": 0
      },
      "trunk_placer": {
        "type": "minecraft:fancy_trunk_placer",
        "base_height": 3,
        "height_rand_a": 11,
        "height_rand_b": 0
      },
      "trunk_provider": {
        "type": "minecraft:simple_state_provider",
        "state": {
          "Name": "minecraft:oak_log",
          "Properties": {
            "axis": "y"
          }
        }
      }
    }
  }