{
    "type": "minecraft:ore",
    "config": {
      "discard_chance_on_air_exposure": 0.5,
      "size": 4,
      "targets": [
        {
          "state": {
            "Name": "minecraft:honeycomb_block"
          },
          "target": {
            "predicate_type": "minecraft:tag_match",
            "tag": "ap-rm_portalgun:bee_world_ore_replaceables"
          }
        },
        {
          "state": {
            "Name": "minecraft:honeycomb_block"
          },
          "target": {
            "predicate_type": "minecraft:tag_match",
            "tag": "ap-rm_portalgun:bee_world_ore_replaceables"
          }
        }
      ]
    }
  }