{
    "display": {
      "icon": {
        "item": "minecraft:green_dye",
        "nbt": "{CustomModelData:1}"
      },
      "title": {
        "translate": "advancements.alien-packs.rm_portalgun.get_portal_substance.title"
      },
      "description": {
        "translate": "advancements.alien-packs.rm_portalgun.get_portal_substance.description"
      },
      "frame": "task",
      "show_toast": true,
      "announce_to_chat": false,
      "hidden": false
    },
    "parent": "ap-rm_portalgun:liquid_capsule/find_capsule",
    "criteria": {
      "portal_substance": {
        "trigger": "minecraft:inventory_changed",
        "conditions": {
          "items": [
            {
              "items": [
                "minecraft:green_dye"
              ],
              "nbt": "{CustomModelData:1}"
            }
          ]
        }
      }
    },
    "requirements": [
      [
        "portal_substance"
      ]
    ]
  }
  