{
  "display": {
    "icon": {
      "item": "minecraft:snowball",
      "nbt": "{CustomModelData:3}"
    },
    "title": {
      "translate": "advancements.alien-packs.rm_portalgun.get_all_dimension_globes.title"
    },
    "description": {
      "translate": "advancements.alien-packs.rm_portalgun.get_all_dimension_globes.description"
    },
    "frame": "challenge",
    "show_toast": true,
    "announce_to_chat": true,
    "hidden": false
  },
  "parent": "ap-rm_portalgun:globes/get_dimension_globe",
  "criteria": {
    "get_froopyland_globe": {
      "trigger": "minecraft:inventory_changed",
      "conditions": {
        "items": [
          {
            "items": [
              "minecraft:snowball"
            ],
            "nbt": "{RMGlobe:1}"
          }
        ]
      }
    },
    "get_chess_world_globe": {
      "trigger": "minecraft:inventory_changed",
      "conditions": {
        "items": [
          {
            "items": [
              "minecraft:snowball"
            ],
            "nbt": "{RMGlobe:2}"
          }
        ]
      }
    },
    "get_glass_world_globe": {
      "trigger": "minecraft:inventory_changed",
      "conditions": {
        "items": [
          {
            "items": [
              "minecraft:snowball"
            ],
            "nbt": "{RMGlobe:3}"
          }
        ]
      }
    },
    "get_desert_world_globe": {
      "trigger": "minecraft:inventory_changed",
      "conditions": {
        "items": [
          {
            "items": [
              "minecraft:snowball"
            ],
            "nbt": "{RMGlobe:4}"
          }
        ]
      }
    },
    "get_endless_forest_globe": {
      "trigger": "minecraft:inventory_changed",
      "conditions": {
        "items": [
          {
            "items": [
              "minecraft:snowball"
            ],
            "nbt": "{RMGlobe:5}"
          }
        ]
      }
    },
    "get_bee_world_globe": {
      "trigger": "minecraft:inventory_changed",
      "conditions": {
        "items": [
          {
            "items": [
              "minecraft:snowball"
            ],
            "nbt": "{RMGlobe:6}"
          }
        ]
      }
    },
    "get_35-c_globe": {
      "trigger": "minecraft:inventory_changed",
      "conditions": {
        "items": [
          {
            "items": [
              "minecraft:snowball"
            ],
            "nbt": "{RMGlobe:7}"
          }
        ]
      }
    },
    "get_doopidoo_dimension_globe": {
      "trigger": "minecraft:inventory_changed",
      "conditions": {
        "items": [
          {
            "items": [
              "minecraft:snowball"
            ],
            "nbt": "{RMGlobe:8}"
          }
        ]
      }
    },
    "get_hell_world_globe": {
      "trigger": "minecraft:inventory_changed",
      "conditions": {
        "items": [
          {
            "items": [
              "minecraft:snowball"
            ],
            "nbt": "{RMGlobe:9}"
          }
        ]
      }
    },
    "get_warped_world_globe": {
      "trigger": "minecraft:inventory_changed",
      "conditions": {
        "items": [
          {
            "items": [
              "minecraft:snowball"
            ],
            "nbt": "{RMGlobe:10}"
          }
        ]
      }
    },
    "get_village_world_globe": {
      "trigger": "minecraft:inventory_changed",
      "conditions": {
        "items": [
          {
            "items": [
              "minecraft:snowball"
            ],
            "nbt": "{RMGlobe:11}"
          }
        ]
      }
    },
    "get_the_abyss_globe": {
      "trigger": "minecraft:inventory_changed",
      "conditions": {
        "items": [
          {
            "items": [
              "minecraft:snowball"
            ],
            "nbt": "{RMGlobe:11}"
          }
        ]
      }
    },
    "get_the_nether_globe": {
      "trigger": "minecraft:inventory_changed",
      "conditions": {
        "items": [
          {
            "items": [
              "minecraft:snowball"
            ],
            "nbt": "{RMGlobe:999998}"
          }
        ]
      }
    },
    "get_the_end_globe": {
      "trigger": "minecraft:inventory_changed",
      "conditions": {
        "items": [
          {
            "items": [
              "minecraft:snowball"
            ],
            "nbt": "{RMGlobe:999999}"
          }
        ]
      }
    }
  },
  "requirements": [
    [
      "get_froopyland_globe"
    ],
    [
      "get_chess_world_globe"
    ],
    [
      "get_glass_world_globe"
    ],
    [
      "get_desert_world_globe"
    ],
    [
      "get_endless_forest_globe"
    ],
    [
      "get_bee_world_globe"
    ],
    [
      "get_35-c_globe"
    ],
    [
      "get_doopidoo_dimension_globe"
    ],
    [
      "get_hell_world_globe"
    ],
    [
      "get_warped_world_globe"
    ],
    [
      "get_village_world_globe"
    ],
    [
      "get_the_nether_globe"
    ],
    [
      "get_the_end_globe"
    ],
    [
      "get_the_abyss_globe"
    ]
  ]
}
