{
  "display": {
    "icon": {
      "item": "minecraft:bat_spawn_egg",
      "nbt": "{CustomModelData:2}"
    },
    "title": {
      "translate": "advancements.alien-packs.rm_portalgun.get_portal_placer.title"
    },
    "description": {
      "translate": "advancements.alien-packs.rm_portalgun.get_portal_placer.description"
    },
    "frame": "task",
    "show_toast": true,
    "announce_to_chat": false,
    "hidden": false
  },
  "parent": "ap-rm_portalgun:portal_gun/get_advanced_machinery",
  "criteria": {
    "get_portal_placer": {
      "trigger": "minecraft:inventory_changed",
      "conditions": {
        "items": [
          {
            "items": [
              "minecraft:bat_spawn_egg"
            ],
            "nbt": "{CustomModelData:2}"
          }
        ]
      }
    }
  },
  "requirements": [
    [
      "get_portal_placer"
    ]
  ]
}
