{
	"credit": "Made by Mr3DAlien using Blockbench",
	"textures": {
		"0": "ap-rm_portalgun:item/portal_gun/ricks_gun/deactivated",
		"1": "ap-rm_portalgun:item/portal_gun/portal_fluid_level",
		"particle": "ap-rm_portalgun:item/portal_gun/ricks_gun/deactivated"
	},
	"elements": [
		{
			"from": [7, 4, 3],
			"to": [11, 6, 12],
			"faces": {
				"north": {"uv": [0, 9, 4, 11], "texture": "#0"},
				"east": {"uv": [8, 0, 10, 9], "rotation": 90, "texture": "#0"},
				"south": {"uv": [0, 11, 4, 13], "texture": "#0"},
				"west": {"uv": [8, 0, 10, 9], "rotation": 90, "texture": "#0"},
				"up": {"uv": [0, 0, 4, 9], "texture": "#0"},
				"down": {"uv": [4, 0, 8, 9], "texture": "#0"}
			}
		},
		{
			"from": [8, 1, 0.6],
			"to": [10, 6.5, 1.6],
			"rotation": {"angle": 22.5, "axis": "x", "origin": [0, 0, 0]},
			"faces": {
				"north": {"uv": [10, 0, 12, 5.5], "texture": "#0"},
				"east": {"uv": [10, 0, 11, 5.5], "texture": "#0"},
				"south": {"uv": [10, 0, 12, 5.5], "rotation": 180, "texture": "#0"},
				"west": {"uv": [11, 0, 12, 5.5], "texture": "#0"},
				"up": {"uv": [10, 0, 12, 1], "texture": "#0"},
				"down": {"uv": [10, 4, 12, 5], "rotation": 180, "texture": "#0"}
			}
		},
		{
			"from": [8.5, 5, 0.1],
			"to": [9.5, 6, 0.6],
			"rotation": {"angle": 22.5, "axis": "x", "origin": [0, 0, 0]},
			"faces": {
				"north": {"uv": [12, 0, 13, 1], "texture": "#0"},
				"east": {"uv": [12, 0, 13, 1], "texture": "#0"},
				"south": {"uv": [12, 0, 13, 1], "texture": "#0"},
				"west": {"uv": [12, 0, 13, 1], "texture": "#0"},
				"up": {"uv": [12, 0, 13, 1], "texture": "#0"},
				"down": {"uv": [12, 0, 13, 1], "texture": "#0"}
			}
		},
		{
			"from": [7.5, 6, 7],
			"to": [8, 6.5, 9],
			"faces": {
				"north": {"uv": [4, 9, 4.5, 10], "texture": "#0"},
				"east": {"uv": [4, 9, 4.5, 11], "texture": "#0"},
				"south": {"uv": [4, 10, 4.5, 11], "texture": "#0"},
				"west": {"uv": [4, 9, 4.5, 11], "texture": "#0"},
				"up": {"uv": [4, 9, 4.5, 11], "texture": "#0"},
				"down": {"uv": [4, 9, 4.5, 11], "texture": "#0"}
			}
		},
		{
			"from": [10, 6, 7],
			"to": [10.5, 6.5, 9],
			"faces": {
				"north": {"uv": [4, 9, 4.5, 11], "texture": "#0"},
				"east": {"uv": [4, 9, 4.5, 11], "texture": "#0"},
				"south": {"uv": [4, 9, 4.5, 11], "texture": "#0"},
				"west": {"uv": [4, 9, 4.5, 11], "texture": "#0"},
				"up": {"uv": [4, 9, 4.5, 11], "texture": "#0"},
				"down": {"uv": [4, 9, 4.5, 11], "texture": "#0"}
			}
		},
		{
			"from": [8, 6, 9],
			"to": [10, 6.5, 9.5],
			"faces": {
				"north": {"uv": [4, 9, 4.5, 11], "texture": "#0"},
				"east": {"uv": [4, 9, 4.5, 11], "texture": "#0"},
				"south": {"uv": [4, 9, 4.5, 11], "texture": "#0"},
				"west": {"uv": [4, 9, 4.5, 11], "texture": "#0"},
				"up": {"uv": [4, 9, 4.5, 11], "texture": "#0"},
				"down": {"uv": [4, 9, 4.5, 11], "texture": "#0"}
			}
		},
		{
			"from": [8, 6, 6.5],
			"to": [10, 6.5, 7],
			"faces": {
				"north": {"uv": [4, 9, 4.5, 11], "texture": "#0"},
				"east": {"uv": [4, 9, 4.5, 11], "texture": "#0"},
				"south": {"uv": [4, 9, 4.5, 11], "texture": "#0"},
				"west": {"uv": [4, 9, 4.5, 11], "texture": "#0"},
				"up": {"uv": [4, 9, 4.5, 11], "texture": "#0"},
				"down": {"uv": [4, 9, 4.5, 11], "texture": "#0"}
			}
		},
		{
			"from": [8, 6, 7],
			"to": [10, 9, 9],
			"faces": {
				"north": {"uv": [0, 0, 2, 3], "texture": "#1"},
				"east": {"uv": [0, 0, 2, 3], "texture": "#1"},
				"south": {"uv": [0, 0, 2, 3], "texture": "#1"},
				"west": {"uv": [0, 0, 2, 3], "texture": "#1"},
				"up": {"uv": [0, 0, 2, 2], "texture": "#1"},
				"down": {"uv": [0, 0, 2, 2], "texture": "#1"}
			}
		}
	],
	"display": {
		"thirdperson_righthand": {
			"rotation": [-135.04, 1.55, -180],
			"translation": [0.75, 4.75, 1],
			"scale": [0.7, 0.7, 0.7]
		},
		"thirdperson_lefthand": {
			"rotation": [-135.04, 1.55, -180],
			"translation": [-0.5, 4.75, 1],
			"scale": [0.7, 0.7, 0.7]
		},
		"firstperson_righthand": {
			"rotation": [-172.08, 1.89, 175.75],
			"translation": [-1, 7.25, 0],
			"scale": [0.8, 0.8, 0.8]
		},
		"firstperson_lefthand": {
			"rotation": [-172.08, 1.89, 175.75],
			"translation": [-2.75, 7.25, 0],
			"scale": [0.8, 0.8, 0.8]
		},
		"ground": {
			"translation": [0, 3, 0],
			"scale": [0.5, 0.5, 0.5]
		},
		"gui": {
			"rotation": [30, 225, 0],
			"translation": [0, 3.75, 0],
			"scale": [1.1, 1.1, 1.1]
		},
		"fixed": {
			"rotation": [-180, 90, -180],
			"translation": [1.25, 2.5, 0]
		}
	},
	"groups": [
		{
			"name": "portalgun",
			"origin": [0, 0, 0],
			"color": 0,
			"children": [0, 1, 2, 3, 4, 5, 6]
		},
		7
	]
}