{
  "display": {
    "icon": {
      "item": "minecraft:warped_fungus_on_a_stick",
      "nbt": "{CustomModelData:38}"
    },
    "title": {
      "translate": "advancements.alien-packs.rm_portalgun.get_ricks_first_gun.title"
    },
    "description": {
      "translate": "advancements.alien-packs.rm_portalgun.get_ricks_first_gun.description"
    },
    "frame": "task",
    "show_toast": true,
    "announce_to_chat": false,
    "hidden": false
  },
  "parent": "ap-rm_portalgun:cosmetics/get_ricks_old_gun",
  "criteria": {
    "get_ricks_hair": {
      "trigger": "minecraft:inventory_changed",
      "conditions": {
        "items": [
          {
            "items": [
              "minecraft:warped_fungus_on_a_stick"
            ],
            "nbt": "{RMSkin:3b}"
          }
        ]
      }
    }
  },
  "requirements": [
    [
      "get_ricks_hair"
    ]
  ]
}
