{
    "type": "minecraft:jigsaw",
    "biomes": [
      "ap-rm_portalgun:chess_white",
      "ap-rm_portalgun:chess_black"
    ],
    "step": "surface_structures",
    "spawn_overrides": {},
    "terrain_adaptation": "beard_thin",
    "start_pool": "ap-rm_portalgun:chess_world/chess_figures",
    "size": 7,
    "start_height": {
      "absolute": 0
    },
    "project_start_to_heightmap": "WORLD_SURFACE_WG",
    "max_distance_from_center": 1,
    "use_expansion_hack": false
  }
  