{
    "function": "minecraft:set_nbt",
    "tag": "{Unbreakable: 1b, Damage: 0, HideFlags: 63, RMPortalGun: 1b, RMSkin: 2b, RMFuelLevel: 2b, RMActive: 1b, CustomModelData: 32, display: {Lore: ['[{\"translate\":\"item.alien-packs.rm_portalgun.portal_gun.description.portal_fluid\",\"color\":\"green\",\"italic\":false}]','[{\"text\":\"\"}]','[{\"translate\":\"item.alien-packs.rm_portalgun.portal_gun.description.info\",\"color\":\"gray\",\"italic\":false}]','[{\"text\":\"\uEff1\",\"font\":\"ap-rm_portalgun:icons\",\"color\":\"white\",\"italic\":false,\"bold\":false},{\"translate\":\"item.alien-packs.rm_portalgun.portal_gun.description.overworld\",\"italic\":false,\"color\":\"green\",\"bold\":true,\"font\":\"default\"}]','[{\"text\":\"\uEff2\",\"font\":\"ap-rm_portalgun:icons\",\"color\":\"white\",\"italic\":false,\"bold\":false},{\"translate\":\"item.alien-packs.rm_portalgun.portal_gun.description.council\",\"italic\":false,\"color\":\"white\",\"bold\":true,\"font\":\"default\"}]']}}"
  }
  