{
	"credit": "Made by Mr3DAlien",
	"textures": {
		"0": "custom/alien-packs/light_sabers/item/light_saber/luke_handle",
		"1": "custom/alien-packs/light_sabers/item/light_saber/green_blade_outside",
		"2": "custom/alien-packs/light_sabers/item/light_saber/green_blade_inside",
		"particle": "custom/alien-packs/light_sabers/item/light_saber/luke_handle"
	},
	"elements": [
		{
			"from": [7, -16, 7],
			"to": [9, -15, 9],
			"color": 6,
			"faces": {
				"north": {"uv": [0, 0, 2, 1], "texture": "#missing"},
				"east": {"uv": [0, 0, 2, 1], "texture": "#missing"},
				"south": {"uv": [0, 0, 2, 1], "texture": "#missing"},
				"west": {"uv": [0, 0, 2, 1], "texture": "#missing"},
				"up": {"uv": [0, 0, 2, 2], "texture": "#missing"},
				"down": {"uv": [0, 0, 2, 2], "texture": "#missing"}
			}
		},
		{
			"from": [7, -16, 7],
			"to": [9, -15, 9],
			"faces": {
				"north": {"uv": [5, 0, 7, 1], "texture": "#0"},
				"east": {"uv": [5, 0, 7, 1], "texture": "#0"},
				"south": {"uv": [5, 0, 7, 1], "texture": "#0"},
				"west": {"uv": [5, 0, 7, 1], "texture": "#0"},
				"up": {"uv": [7, 0, 9, 2], "texture": "#0"},
				"down": {"uv": [7, 0, 9, 2], "texture": "#0"}
			}
		},
		{
			"from": [7, -14, 7],
			"to": [9, -7, 9],
			"faces": {
				"north": {"uv": [0, 0, 2, 7], "texture": "#0"},
				"east": {"uv": [0, 0, 2, 7], "texture": "#0"},
				"south": {"uv": [0, 0, 2, 7], "texture": "#0"},
				"west": {"uv": [0, 0, 2, 7], "texture": "#0"},
				"up": {"uv": [4, 2, 2, 0], "texture": "#0"},
				"down": {"uv": [4, 2, 2, 4], "texture": "#0"}
			}
		},
		{
			"from": [7, -6, 7],
			"to": [9, -5, 9],
			"faces": {
				"north": {"uv": [10, 0, 12, 1], "texture": "#0"},
				"east": {"uv": [10, 0, 12, 1], "texture": "#0"},
				"south": {"uv": [10, 0, 12, 1], "texture": "#0"},
				"west": {"uv": [10, 0, 12, 1], "texture": "#0"},
				"up": {"uv": [12, 0, 14, 2], "texture": "#0"},
				"down": {"uv": [12, 0, 14, 2], "texture": "#0"}
			}
		},
		{
			"from": [7, -4, 7],
			"to": [9, -3, 9],
			"faces": {
				"north": {"uv": [5, 0, 7, 1], "texture": "#0"},
				"east": {"uv": [5, 0, 7, 1], "texture": "#0"},
				"south": {"uv": [5, 0, 7, 1], "texture": "#0"},
				"west": {"uv": [5, 0, 7, 1], "texture": "#0"},
				"up": {"uv": [7, 0, 9, 2], "texture": "#0"},
				"down": {"uv": [7, 0, 9, 2], "texture": "#0"}
			}
		},
		{
			"from": [6.5, -3, 6.5],
			"to": [9.5, -2, 9.5],
			"faces": {
				"north": {"uv": [9, 2, 12, 3], "texture": "#0"},
				"east": {"uv": [9, 2, 12, 3], "texture": "#0"},
				"south": {"uv": [9, 2, 12, 3], "texture": "#0"},
				"west": {"uv": [9, 2, 12, 3], "texture": "#0"},
				"up": {"uv": [12, 2, 15, 5], "texture": "#0"},
				"down": {"uv": [12, 2, 15, 5], "texture": "#0"}
			}
		},
		{
			"from": [7.5, -7, 7.5],
			"to": [8.5, -6, 8.5],
			"faces": {
				"north": {"uv": [9, 0, 10, 1], "texture": "#0"},
				"east": {"uv": [9, 0, 10, 1], "texture": "#0"},
				"south": {"uv": [9, 0, 10, 1], "texture": "#0"},
				"west": {"uv": [9, 0, 10, 1], "texture": "#0"},
				"up": {"uv": [9, 0, 10, 1], "texture": "#0"},
				"down": {"uv": [9, 0, 10, 1], "texture": "#0"}
			}
		},
		{
			"from": [7.5, -15, 7.5],
			"to": [8.5, -14, 8.5],
			"faces": {
				"north": {"uv": [4, 0, 5, 1], "texture": "#0"},
				"east": {"uv": [4, 0, 5, 1], "texture": "#0"},
				"south": {"uv": [4, 0, 5, 1], "texture": "#0"},
				"west": {"uv": [4, 0, 5, 1], "texture": "#0"},
				"up": {"uv": [4, 0, 5, 1], "texture": "#0"},
				"down": {"uv": [4, 0, 5, 1], "texture": "#0"}
			}
		},
		{
			"from": [9, -12, 7.5],
			"to": [9.5, -10, 8.5],
			"faces": {
				"north": {"uv": [2, 4, 3, 6], "texture": "#0"},
				"east": {"uv": [2, 4, 3, 6], "texture": "#0"},
				"south": {"uv": [2, 4, 3, 6], "texture": "#0"},
				"west": {"uv": [2, 4, 3, 6], "texture": "#0"},
				"up": {"uv": [2, 4, 3, 5], "texture": "#0"},
				"down": {"uv": [2, 5, 3, 6], "texture": "#0"}
			}
		},
		{
			"from": [7.5, -5, 7.5],
			"to": [8.5, -4, 8.5],
			"faces": {
				"north": {"uv": [14, 0, 15, 1], "texture": "#0"},
				"east": {"uv": [14, 0, 15, 1], "texture": "#0"},
				"south": {"uv": [14, 0, 15, 1], "texture": "#0"},
				"west": {"uv": [14, 0, 15, 1], "texture": "#0"},
				"up": {"uv": [14, 0, 15, 1], "texture": "#0"},
				"down": {"uv": [14, 0, 15, 1], "texture": "#0"}
			}
		},
		{
			"from": [6.75, -3, 6.75],
			"to": [9.25, 31, 9.25],
			"faces": {
				"north": {"uv": [0, 1, 2.5, 16], "texture": "#1"},
				"east": {"uv": [0, 1, 2.5, 16], "texture": "#1"},
				"south": {"uv": [0, 1, 2.5, 16], "texture": "#1"},
				"west": {"uv": [0, 1, 2.5, 16], "texture": "#1"},
				"up": {"uv": [3, 0, 5.5, 3], "texture": "#1"},
				"down": {"uv": [3, 0, 5.5, 3], "texture": "#1"}
			}
		},
		{
			"from": [7.5, -2, 7.5],
			"to": [8.5, 30, 8.5],
			"faces": {
				"north": {"uv": [0, 0, 1, 16], "texture": "#2"},
				"east": {"uv": [0, 0, 1, 16], "texture": "#2"},
				"south": {"uv": [0, 0, 1, 16], "texture": "#2"},
				"west": {"uv": [0, 0, 1, 16], "texture": "#2"},
				"up": {"uv": [0, 0, 1, 1], "texture": "#2"},
				"down": {"uv": [0, 15, 1, 16], "texture": "#2"}
			}
		}
	],
	"display": {
		"thirdperson_righthand": {
			"rotation": [-90, 90, 90],
			"translation": [0, 9, 1.5],
			"scale": [0.5, 0.5, 0.5]
		},
		"thirdperson_lefthand": {
			"rotation": [-90, 90, 90],
			"translation": [0, 9, 1.5],
			"scale": [0.5, 0.5, 0.5]
		},
		"firstperson_righthand": {
			"rotation": [177.86, 81.35, 173.21],
			"translation": [-0.25, 9.5, 1],
			"scale": [0.5, 0.5, 0.5]
		},
		"firstperson_lefthand": {
			"rotation": [177.86, 81.35, 173.21],
			"translation": [-0.25, 9.5, 1],
			"scale": [0.5, 0.5, 0.5]
		},
		"ground": {
			"rotation": [90, 0, 0],
			"scale": [0.5, 0.5, 0.5]
		},
		"gui": {
			"rotation": [-38.07, -14.39, -44.92],
			"scale": [0.4, 0.4, 0.4]
		},
		"fixed": {
			"translation": [0, 0, -0.5],
			"scale": [0.35, 0.35, 0.35]
		}
	},
	"groups": [
		{
			"name": "handle",
			"origin": [0, 0, 0],
			"color": 0,
			"children": [0, 1, 2, 3, 4, 5, 6, 7, 8, 9]
		},
		10,
		11
	]
}