{
	"credit": "Made by Mr3DAlien",
	"textures": {
		"0": "custom/alien-packs/light_sabers/item/light_saber/rey_handle",
		"particle": "custom/alien-packs/light_sabers/item/light_saber/rey_handle"
	},
	"elements": [
		{
			"from": [6.5, 9, 6.5],
			"to": [9.5, 10, 9.5],
			"faces": {
				"north": {"uv": [2, 0, 5, 1], "texture": "#0"},
				"east": {"uv": [2, 0, 3, 3], "rotation": 90, "texture": "#0"},
				"south": {"uv": [2, 2, 5, 3], "texture": "#0"},
				"west": {"uv": [4, 0, 5, 3], "rotation": 90, "texture": "#0"},
				"up": {"uv": [2, 0, 5, 3], "texture": "#0"},
				"down": {"uv": [2, 0, 5, 3], "texture": "#0"}
			}
		},
		{
			"from": [6.5, 11, 6.5],
			"to": [9.5, 12, 9.5],
			"faces": {
				"north": {"uv": [2, 0, 5, 1], "texture": "#0"},
				"east": {"uv": [2, 0, 3, 3], "rotation": 90, "texture": "#0"},
				"south": {"uv": [2, 2, 5, 3], "texture": "#0"},
				"west": {"uv": [4, 0, 5, 3], "rotation": 90, "texture": "#0"},
				"up": {"uv": [2, 0, 5, 3], "texture": "#0"},
				"down": {"uv": [2, 0, 5, 3], "texture": "#0"}
			}
		},
		{
			"from": [7, 0, 7],
			"to": [9, 1, 9],
			"faces": {
				"north": {"uv": [2, 1, 4, 2], "texture": "#0"},
				"east": {"uv": [2, 1, 4, 2], "texture": "#0"},
				"south": {"uv": [2, 1, 4, 2], "texture": "#0"},
				"west": {"uv": [2, 1, 4, 2], "texture": "#0"},
				"up": {"uv": [2, 0, 4, 2], "texture": "#0"},
				"down": {"uv": [2, 1, 4, 3], "texture": "#0"}
			}
		},
		{
			"from": [7, 10, 7],
			"to": [9, 11, 9],
			"faces": {
				"north": {"uv": [2, 0, 4, 1], "texture": "#0"},
				"east": {"uv": [2, 1, 4, 2], "texture": "#0"},
				"south": {"uv": [2, 2, 4, 3], "texture": "#0"},
				"west": {"uv": [3, 0, 5, 1], "texture": "#0"},
				"up": {"uv": [3, 1, 5, 3], "texture": "#0"},
				"down": {"uv": [4, 1, 6, 3], "texture": "#0"}
			}
		},
		{
			"from": [7, 4, 7],
			"to": [9, 9, 9],
			"faces": {
				"north": {"uv": [0, 0, 2, 5], "texture": "#0"},
				"east": {"uv": [0, 0, 2, 5], "texture": "#0"},
				"south": {"uv": [0, 0, 2, 5], "texture": "#0"},
				"west": {"uv": [0, 0, 2, 5], "texture": "#0"},
				"up": {"uv": [0, 0, 2, 2], "texture": "#0"},
				"down": {"uv": [0, 3, 2, 5], "texture": "#0"}
			}
		},
		{
			"from": [6.5, 1, 6.5],
			"to": [9.5, 4, 9.5],
			"faces": {
				"north": {"uv": [2, 0, 5, 3], "texture": "#0"},
				"east": {"uv": [2, 0, 5, 3], "texture": "#0"},
				"south": {"uv": [2, 0, 5, 3], "texture": "#0"},
				"west": {"uv": [2, 0, 5, 3], "texture": "#0"},
				"up": {"uv": [2, 0, 5, 3], "texture": "#0"},
				"down": {"uv": [2, 0, 5, 3], "texture": "#0"}
			}
		},
		{
			"from": [9, 13, 7],
			"to": [9.5, 14, 7.5],
			"faces": {
				"north": {"uv": [2, 0, 2.5, 1], "texture": "#0"},
				"east": {"uv": [2, 0, 2.5, 1], "texture": "#0"},
				"south": {"uv": [2, 0, 2.5, 1], "texture": "#0"},
				"west": {"uv": [2, 0, 2.5, 1], "texture": "#0"},
				"up": {"uv": [2, 0, 2.5, 1], "texture": "#0"},
				"down": {"uv": [2, 0, 2.5, 1], "texture": "#0"}
			}
		},
		{
			"from": [9, 13, 7.75],
			"to": [9.5, 14, 8.25],
			"faces": {
				"north": {"uv": [2, 0, 2.5, 1], "texture": "#0"},
				"east": {"uv": [2, 0, 2.5, 1], "texture": "#0"},
				"south": {"uv": [2, 0, 2.5, 1], "texture": "#0"},
				"west": {"uv": [2, 0, 2.5, 1], "texture": "#0"},
				"up": {"uv": [2, 0, 2.5, 1], "texture": "#0"},
				"down": {"uv": [2, 0, 2.5, 1], "texture": "#0"}
			}
		},
		{
			"from": [6.5, 13, 7.75],
			"to": [7, 14, 8.25],
			"faces": {
				"north": {"uv": [2, 0, 2.5, 1], "texture": "#0"},
				"east": {"uv": [2, 0, 2.5, 1], "texture": "#0"},
				"south": {"uv": [2, 0, 2.5, 1], "texture": "#0"},
				"west": {"uv": [2, 0, 2.5, 1], "texture": "#0"},
				"up": {"uv": [2, 0, 2.5, 1], "texture": "#0"},
				"down": {"uv": [2, 0, 2.5, 1], "texture": "#0"}
			}
		},
		{
			"from": [9, 13, 8.5],
			"to": [9.5, 14, 9],
			"faces": {
				"north": {"uv": [2, 0, 2.5, 1], "texture": "#0"},
				"east": {"uv": [2, 0, 2.5, 1], "texture": "#0"},
				"south": {"uv": [2, 0, 2.5, 1], "texture": "#0"},
				"west": {"uv": [2, 0, 2.5, 1], "texture": "#0"},
				"up": {"uv": [2, 0, 2.5, 1], "texture": "#0"},
				"down": {"uv": [2, 0, 2.5, 1], "texture": "#0"}
			}
		},
		{
			"from": [7.75, 13, 6.5],
			"to": [8.25, 14, 7],
			"faces": {
				"north": {"uv": [2, 0, 2.5, 1], "texture": "#0"},
				"east": {"uv": [2, 0, 2.5, 1], "texture": "#0"},
				"south": {"uv": [2, 0, 2.5, 1], "texture": "#0"},
				"west": {"uv": [2, 0, 2.5, 1], "texture": "#0"},
				"up": {"uv": [2, 0, 2.5, 0], "texture": "#0"},
				"down": {"uv": [2, 1, 2.5, 1], "texture": "#0"}
			}
		},
		{
			"from": [8.75, 13, 6.5],
			"to": [9.25, 14, 7],
			"faces": {
				"north": {"uv": [2, 0, 2.5, 1], "texture": "#0"},
				"east": {"uv": [2, 0, 2.5, 1], "texture": "#0"},
				"south": {"uv": [2, 0, 2.5, 1], "texture": "#0"},
				"west": {"uv": [2, 0, 2.5, 1], "texture": "#0"},
				"up": {"uv": [2, 0, 2.5, 0], "texture": "#0"},
				"down": {"uv": [2, 1, 2.5, 1], "texture": "#0"}
			}
		},
		{
			"from": [6.75, 13, 6.5],
			"to": [7.25, 14, 7],
			"faces": {
				"north": {"uv": [2, 0, 2.5, 1], "texture": "#0"},
				"east": {"uv": [2, 0, 2.5, 1], "texture": "#0"},
				"south": {"uv": [2, 0, 2.5, 1], "texture": "#0"},
				"west": {"uv": [2, 0, 2.5, 1], "texture": "#0"},
				"up": {"uv": [2, 0, 2.5, 1], "texture": "#0"},
				"down": {"uv": [2, 0, 2.5, 1], "texture": "#0"}
			}
		},
		{
			"from": [7.75, 13, 9],
			"to": [8.25, 14, 9.5],
			"faces": {
				"north": {"uv": [2, 0, 2.5, 1], "texture": "#0"},
				"east": {"uv": [2, 0, 2.5, 1], "texture": "#0"},
				"south": {"uv": [2, 0, 2.5, 1], "texture": "#0"},
				"west": {"uv": [2, 0, 2.5, 1], "texture": "#0"},
				"up": {"uv": [2, 0, 2.5, 1], "texture": "#0"},
				"down": {"uv": [2, 0, 2.5, 1], "texture": "#0"}
			}
		},
		{
			"from": [8.75, 13, 9],
			"to": [9.25, 14, 9.5],
			"faces": {
				"north": {"uv": [2, 0, 2.5, 1], "texture": "#0"},
				"east": {"uv": [2, 0, 2.5, 1], "texture": "#0"},
				"south": {"uv": [2, 0, 2.5, 1], "texture": "#0"},
				"west": {"uv": [2, 0, 2.5, 1], "texture": "#0"},
				"up": {"uv": [2, 0, 2.5, 1], "texture": "#0"},
				"down": {"uv": [2, 0, 2.5, 1], "texture": "#0"}
			}
		},
		{
			"from": [6.75, 13, 9],
			"to": [7.25, 14, 9.5],
			"faces": {
				"north": {"uv": [2, 0, 2.5, 1], "texture": "#0"},
				"east": {"uv": [2, 0, 2.5, 1], "texture": "#0"},
				"south": {"uv": [2, 0, 2.5, 1], "texture": "#0"},
				"west": {"uv": [2, 0, 2.5, 1], "texture": "#0"},
				"up": {"uv": [2, 0, 2.5, 1], "texture": "#0"},
				"down": {"uv": [2, 0, 2.5, 1], "texture": "#0"}
			}
		},
		{
			"from": [6.5, 13, 7],
			"to": [7, 14, 7.5],
			"faces": {
				"north": {"uv": [2, 0, 2.5, 1], "texture": "#0"},
				"east": {"uv": [2, 0, 2.5, 1], "texture": "#0"},
				"south": {"uv": [2, 0, 2.5, 1], "texture": "#0"},
				"west": {"uv": [2, 0, 2.5, 1], "texture": "#0"},
				"up": {"uv": [2, 0, 2.5, 1], "texture": "#0"},
				"down": {"uv": [2, 0, 2.5, 1], "texture": "#0"}
			}
		},
		{
			"from": [6.5, 13, 8.5],
			"to": [7, 14, 9],
			"faces": {
				"north": {"uv": [2, 0, 2.5, 1], "texture": "#0"},
				"east": {"uv": [2, 0, 2.5, 1], "texture": "#0"},
				"south": {"uv": [2, 0, 2.5, 1], "texture": "#0"},
				"west": {"uv": [2, 0, 2.5, 1], "texture": "#0"},
				"up": {"uv": [2, 0, 2.5, 1], "texture": "#0"},
				"down": {"uv": [2, 0, 2.5, 1], "texture": "#0"}
			}
		},
		{
			"from": [6.25, 12, 6.25],
			"to": [9.75, 13, 9.75],
			"faces": {
				"north": {"uv": [5, 0, 8.5, 1], "texture": "#0"},
				"east": {"uv": [5, 2, 8.5, 3], "texture": "#0"},
				"south": {"uv": [5, 1, 8.5, 2], "texture": "#0"},
				"west": {"uv": [5, 0, 8.5, 1], "texture": "#0"},
				"up": {"uv": [5, 0, 8.5, 3.5], "texture": "#0"},
				"down": {"uv": [5, 0, 8.5, 3.5], "rotation": 180, "texture": "#0"}
			}
		}
	],
	"display": {
		"thirdperson_righthand": {
			"rotation": [-180, 1, -180],
			"translation": [0, 1, 1.5],
			"scale": [0.5, 0.5, 0.5]
		},
		"thirdperson_lefthand": {
			"rotation": [-180, 1, -180],
			"translation": [0, 1.75, 1.5],
			"scale": [0.5, 0.5, 0.5]
		},
		"firstperson_righthand": {
			"rotation": [179.55, 12.14, 171.24],
			"translation": [-0.25, 2, 1],
			"scale": [0.5, 0.5, 0.5]
		},
		"firstperson_lefthand": {
			"rotation": [179.55, 12.14, 171.24],
			"translation": [-0.25, 2, 1],
			"scale": [0.5, 0.5, 0.5]
		},
		"ground": {
			"rotation": [90, 0, 0],
			"scale": [0.5, 0.5, 0.5]
		},
		"gui": {
			"rotation": [164.73, 32.45, -143.31],
			"translation": [0.5, 0.5, 0]
		},
		"fixed": {
			"translation": [0, 0.75, -0.5]
		}
	},
	"groups": [
		{
			"name": "saber",
			"origin": [8, 8, 8],
			"color": 0,
			"children": [0, 1, 2, 3, 4, 5, 6, 7, 8, 9, 10, 11, 12, 13, 14, 15, 16, 17, 18]
		}
	]
}