{
	"credit": "Made by Mr3DAlien",
	"textures": {
		"0": "custom/alien-packs/light_sabers/item/light_saber/vader_handle",
		"particle": "custom/alien-packs/light_sabers/item/light_saber/vader_handle"
	},
	"elements": [
		{
			"from": [5.5, 0, 8],
			"to": [6, 5, 9],
			"faces": {
				"north": {"uv": [7, 0, 8, 5], "texture": "#0"},
				"east": {"uv": [7, 0, 8, 5], "texture": "#0"},
				"south": {"uv": [7, 0, 8, 5], "texture": "#0"},
				"west": {"uv": [7, 0, 8, 5], "texture": "#0"},
				"up": {"uv": [7, 0, 8, 1], "texture": "#0"},
				"down": {"uv": [7, 4, 8, 5], "texture": "#0"}
			}
		},
		{
			"from": [6, 0, 7],
			"to": [9, 12, 10],
			"faces": {
				"north": {"uv": [0, 0, 3, 12], "texture": "#0"},
				"east": {"uv": [0, 0, 3, 12], "texture": "#0"},
				"south": {"uv": [0, 0, 3, 12], "texture": "#0"},
				"west": {"uv": [0, 0, 3, 12], "texture": "#0"},
				"up": {"uv": [0, 0, 3, 3], "texture": "#0"},
				"down": {"uv": [0, 9, 3, 12], "texture": "#0"}
			}
		},
		{
			"from": [5, 13, 8],
			"to": [6, 14, 9],
			"faces": {
				"north": {"uv": [4, 2, 5, 3], "texture": "#0"},
				"east": {"uv": [4, 2, 5, 3], "texture": "#0"},
				"south": {"uv": [4, 2, 5, 3], "texture": "#0"},
				"west": {"uv": [4, 2, 5, 3], "texture": "#0"},
				"up": {"uv": [4, 2, 5, 3], "texture": "#0"},
				"down": {"uv": [4, 2, 5, 3], "texture": "#0"}
			}
		},
		{
			"from": [9, 11, 8],
			"to": [9.75, 12, 9],
			"faces": {
				"north": {"uv": [0, 12, 1, 13], "texture": "#0"},
				"east": {"uv": [0, 12, 1, 13], "texture": "#0"},
				"south": {"uv": [0, 12, 1, 13], "texture": "#0"},
				"west": {"uv": [0, 12, 1, 13], "texture": "#0"},
				"up": {"uv": [0, 12, 1, 13], "texture": "#0"},
				"down": {"uv": [0, 12, 1, 13], "texture": "#0"}
			}
		},
		{
			"from": [6, 13, 7],
			"to": [7, 15, 10],
			"faces": {
				"north": {"uv": [5, 1, 6, 3], "texture": "#0"},
				"east": {"uv": [4, 1, 7, 3], "texture": "#0"},
				"south": {"uv": [6, 1, 7, 3], "texture": "#0"},
				"west": {"uv": [4, 1, 7, 3], "texture": "#0"},
				"up": {"uv": [4, 0, 5, 3], "texture": "#0"},
				"down": {"uv": [6, 0, 7, 3], "texture": "#0"}
			}
		},
		{
			"from": [7, 13, 7],
			"to": [8, 14, 8],
			"faces": {
				"north": {"uv": [4, 1, 5, 2], "texture": "#0"},
				"east": {"uv": [4, 1, 5, 2], "texture": "#0"},
				"south": {"uv": [4, 1, 5, 2], "texture": "#0"},
				"west": {"uv": [4, 1, 5, 2], "texture": "#0"},
				"up": {"uv": [4, 1, 5, 2], "texture": "#0"},
				"down": {"uv": [4, 1, 5, 2], "texture": "#0"}
			}
		},
		{
			"from": [7, 13, 9],
			"to": [8, 14, 10],
			"faces": {
				"north": {"uv": [5, 3, 6, 4], "texture": "#0"},
				"east": {"uv": [5, 3, 6, 4], "texture": "#0"},
				"south": {"uv": [5, 3, 6, 4], "texture": "#0"},
				"west": {"uv": [5, 3, 6, 4], "texture": "#0"},
				"up": {"uv": [5, 3, 6, 4], "texture": "#0"},
				"down": {"uv": [5, 3, 6, 4], "texture": "#0"}
			}
		},
		{
			"from": [5.5, 12, 6.5],
			"to": [9.5, 13, 10.5],
			"faces": {
				"north": {"uv": [3, 3, 7, 4], "texture": "#0"},
				"east": {"uv": [3, 0, 7, 1], "texture": "#0"},
				"south": {"uv": [3, 3, 7, 4], "texture": "#0"},
				"west": {"uv": [3, 0, 7, 1], "texture": "#0"},
				"up": {"uv": [3, 0, 7, 4], "texture": "#0"},
				"down": {"uv": [3, 0, 7, 4], "texture": "#0"}
			}
		},
		{
			"from": [5.5, 11, 6.5],
			"to": [6.5, 12, 10.5],
			"faces": {
				"north": {"uv": [4, 0, 5, 1], "texture": "#0"},
				"east": {"uv": [3, 0, 7, 1], "texture": "#0"},
				"south": {"uv": [5, 1, 6, 2], "texture": "#0"},
				"west": {"uv": [3, 3, 7, 4], "texture": "#0"},
				"up": {"uv": [3, 0, 4, 4], "texture": "#0"},
				"down": {"uv": [6, 0, 7, 4], "texture": "#0"}
			}
		},
		{
			"from": [9, 6, 8],
			"to": [10, 9, 9],
			"faces": {
				"north": {"uv": [1, 3, 2, 6], "texture": "#0"},
				"east": {"uv": [1, 3, 2, 6], "texture": "#0"},
				"south": {"uv": [1, 3, 2, 6], "texture": "#0"},
				"west": {"uv": [1, 3, 2, 6], "texture": "#0"},
				"up": {"uv": [1, 3, 2, 4], "texture": "#0"},
				"down": {"uv": [1, 5, 2, 6], "texture": "#0"}
			}
		},
		{
			"from": [8.5, 0, 6.5],
			"to": [9.5, 5, 7.5],
			"faces": {
				"north": {"uv": [7, 0, 8, 5], "texture": "#0"},
				"east": {"uv": [7, 0, 8, 5], "texture": "#0"},
				"south": {"uv": [7, 0, 8, 5], "texture": "#0"},
				"west": {"uv": [7, 0, 8, 5], "texture": "#0"},
				"up": {"uv": [7, 0, 8, 1], "texture": "#0"},
				"down": {"uv": [7, 4, 8, 5], "texture": "#0"}
			}
		},
		{
			"from": [8.5, 0, 9.5],
			"to": [9.5, 5, 10.5],
			"faces": {
				"north": {"uv": [7, 0, 8, 5], "texture": "#0"},
				"east": {"uv": [7, 0, 8, 5], "texture": "#0"},
				"south": {"uv": [7, 0, 8, 5], "texture": "#0"},
				"west": {"uv": [7, 0, 8, 5], "texture": "#0"},
				"up": {"uv": [7, 0, 8, 1], "texture": "#0"},
				"down": {"uv": [7, 4, 8, 5], "texture": "#0"}
			}
		},
		{
			"from": [7, 0, 6.5],
			"to": [8, 5, 7],
			"faces": {
				"north": {"uv": [7, 0, 8, 5], "texture": "#0"},
				"east": {"uv": [7, 0, 8, 5], "texture": "#0"},
				"south": {"uv": [7, 0, 8, 5], "texture": "#0"},
				"west": {"uv": [7, 0, 8, 5], "texture": "#0"},
				"up": {"uv": [7, 0, 8, 1], "texture": "#0"},
				"down": {"uv": [7, 4, 8, 5], "texture": "#0"}
			}
		},
		{
			"from": [7, 0, 10],
			"to": [8, 5, 10.5],
			"faces": {
				"north": {"uv": [7, 0, 8, 5], "texture": "#0"},
				"east": {"uv": [7, 0, 8, 5], "texture": "#0"},
				"south": {"uv": [7, 0, 8, 5], "texture": "#0"},
				"west": {"uv": [7, 0, 8, 5], "texture": "#0"},
				"up": {"uv": [7, 0, 8, 1], "texture": "#0"},
				"down": {"uv": [7, 4, 8, 5], "texture": "#0"}
			}
		},
		{
			"from": [5.5, 0, 6.5],
			"to": [6.5, 5, 7.5],
			"faces": {
				"north": {"uv": [7, 0, 8, 5], "texture": "#0"},
				"east": {"uv": [7, 0, 8, 5], "texture": "#0"},
				"south": {"uv": [7, 0, 8, 5], "texture": "#0"},
				"west": {"uv": [7, 0, 8, 5], "texture": "#0"},
				"up": {"uv": [7, 0, 8, 1], "texture": "#0"},
				"down": {"uv": [7, 4, 8, 5], "texture": "#0"}
			}
		},
		{
			"from": [5.5, 0, 9.5],
			"to": [6.5, 5, 10.5],
			"faces": {
				"north": {"uv": [7, 0, 8, 5], "texture": "#0"},
				"east": {"uv": [7, 0, 8, 5], "texture": "#0"},
				"south": {"uv": [7, 0, 8, 5], "texture": "#0"},
				"west": {"uv": [7, 0, 8, 5], "texture": "#0"},
				"up": {"uv": [7, 0, 8, 1], "texture": "#0"},
				"down": {"uv": [7, 4, 8, 5], "texture": "#0"}
			}
		},
		{
			"from": [9, 0, 8],
			"to": [9.5, 5, 9],
			"faces": {
				"north": {"uv": [7, 0, 8, 5], "texture": "#0"},
				"east": {"uv": [7, 0, 8, 5], "texture": "#0"},
				"south": {"uv": [7, 0, 8, 5], "texture": "#0"},
				"west": {"uv": [7, 0, 8, 5], "texture": "#0"},
				"up": {"uv": [7, 0, 8, 1], "texture": "#0"},
				"down": {"uv": [7, 4, 8, 5], "texture": "#0"}
			}
		}
	],
	"display": {
		"thirdperson_righthand": {
			"rotation": [-180, 1, -180],
			"translation": [0, 1.75, 1.5],
			"scale": [0.5, 0.5, 0.5]
		},
		"thirdperson_lefthand": {
			"rotation": [-180, 1, -180],
			"translation": [0, 1.75, 1.5],
			"scale": [0.5, 0.5, 0.5]
		},
		"firstperson_righthand": {
			"rotation": [179.55, 12.14, 171.24],
			"translation": [-0.25, 2, 1],
			"scale": [0.5, 0.5, 0.5]
		},
		"firstperson_lefthand": {
			"rotation": [179.55, 12.14, 171.24],
			"translation": [-0.25, 2, 1],
			"scale": [0.5, 0.5, 0.5]
		},
		"ground": {
			"rotation": [90, 0, 0],
			"scale": [0.5, 0.5, 0.5]
		},
		"gui": {
			"rotation": [164.73, 32.45, -143.31],
			"translation": [0.25, 1, 0]
		},
		"fixed": {
			"translation": [0, 0.75, -0.5]
		}
	},
	"groups": [
		{
			"name": "saber",
			"origin": [8, 8, 8],
			"color": 0,
			"children": [0, 1, 2, 3, 4, 5, 6, 7, 8, 9, 10, 11, 12, 13, 14, 15, 16]
		}
	]
}