{
    "feature": "ap-rm_portalgun:glass_world/amethyst_geode",
    "placement": [
      {
        "type": "minecraft:rarity_filter",
        "chance": 24
      },
      {
        "type": "minecraft:in_square"
      },
      {
        "type": "minecraft:height_range",
        "height": {
          "type": "minecraft:uniform",
          "max_inclusive": {
            "absolute": 30
          },
          "min_inclusive": {
            "above_bottom": 6
          }
        }
      },
      {
        "type": "minecraft:biome"
      }
    ]
  }