{
    "feature": "ap-rm_portalgun:glass_world/ore_diorite",
    "placement": [
      {
        "type": "minecraft:rarity_filter",
        "chance": 6
      },
      {
        "type": "minecraft:in_square"
      },
      {
        "type": "minecraft:height_range",
        "height": {
          "type": "minecraft:uniform",
          "max_inclusive": {
            "absolute": 128
          },
          "min_inclusive": {
            "absolute": 64
          }
        }
      },
      {
        "type": "minecraft:biome"
      }
    ]
  }