{
  "feature": "ap-rm_portalgun:glass_world/ore_diamond_buried",
  "placement": [
    {
      "type": "minecraft:count",
      "count": 4
    },
    {
      "type": "minecraft:in_square"
    },
    {
      "type": "minecraft:height_range",
      "height": {
        "type": "minecraft:trapezoid",
        "min_inclusive": {
          "above_bottom": -80
        },
        "max_inclusive": {
          "above_bottom": 80
        }
      }
    },
    {
      "type": "minecraft:biome"
    }
  ]
}
