{
  "feature": "ap-rm_portalgun:glass_world/ore_granite",
  "placement": [
    {
      "type": "minecraft:count",
      "count": 2
    },
    {
      "type": "minecraft:in_square"
    },
    {
      "type": "minecraft:height_range",
      "height": {
        "type": "minecraft:uniform",
        "max_inclusive": {
          "absolute": 60
        },
        "min_inclusive": {
          "absolute": 0
        }
      }
    },
    {
      "type": "minecraft:biome"
    }
  ]
}