{
  "display": {
    "icon": {
      "item": "minecraft:warped_fungus_on_a_stick",
      "nbt": "{CustomModelData:25}"
    },
    "title": {
      "translate": "advancements.alien-packs.rm_portalgun.repair_coords_device.title"
    },
    "description": {
      "translate": "advancements.alien-packs.rm_portalgun.repair_coords_device.description"
    },
    "frame": "task",
    "show_toast": true,
    "announce_to_chat": false,
    "hidden": false
  },
  "parent": "ap-rm_portalgun:coords_device/get_broken_coords_device",
  "criteria": {
    "repair_coords_device": {
      "trigger": "minecraft:inventory_changed",
      "conditions": {
        "items": [
          {
            "items": [
              "minecraft:warped_fungus_on_a_stick"
            ],
            "nbt": "{CustomModelData:25}"
          }
        ]
      }
    }
  },
  "requirements": [
    [
      "repair_coords_device"
    ]
  ]
}
