{
	"credit": "Made by Mr3DAlien",
	"textures": {
		"2": "custom/item/zylinder"
	},
	"elements": [
		{
			"from": [3, 0, 3],
			"to": [13, 1, 13],
			"faces": {
				"north": {"uv": [0, 0, 5, 0.5], "texture": "#2"},
				"east": {"uv": [0, 0, 5, 0.5], "texture": "#2"},
				"south": {"uv": [0, 0, 5, 0.5], "texture": "#2"},
				"west": {"uv": [0, 0, 5, 0.5], "texture": "#2"},
				"up": {"uv": [0, 0, 5, 5], "texture": "#2"},
				"down": {"uv": [0, 0, 5, 5], "texture": "#2"}
			}
		},
		{
			"from": [4, 1, 4],
			"to": [12, 8, 12],
			"faces": {
				"north": {"uv": [0, 7, 4, 10.5], "texture": "#2"},
				"east": {"uv": [0, 7, 4, 10.5], "texture": "#2"},
				"south": {"uv": [0, 7, 4, 10.5], "texture": "#2"},
				"west": {"uv": [0, 7, 4, 10.5], "texture": "#2"},
				"up": {"uv": [5, 0, 9, 4], "texture": "#2"},
				"down": {"uv": [5, 0, 9, 4], "texture": "#2"}
			}
		}
	],
	"display": {
		"thirdperson_righthand": {
			"rotation": [75, 45, 0],
			"translation": [0, 2.5, 2.75],
			"scale": [0.375, 0.375, 0.375]
		},
		"thirdperson_lefthand": {
			"rotation": [75, 45, 0],
			"translation": [0, 2.5, 2.75],
			"scale": [0.375, 0.375, 0.375]
		},
		"firstperson_righthand": {
			"rotation": [0, 45, 0],
			"translation": [0, 2.75, 0],
			"scale": [0.4, 0.4, 0.4]
		},
		"firstperson_lefthand": {
			"rotation": [0, 45, 0],
			"translation": [0, 2.75, 0],
			"scale": [0.4, 0.4, 0.4]
		},
		"ground": {
			"translation": [0, 3, 0],
			"scale": [0.25, 0.25, 0.25]
		},
		"gui": {
			"rotation": [30, 225, 0],
			"translation": [0, 3.25, 0],
			"scale": [0.9, 0.9, 0.9]
		},
		"head": {
			"translation": [0, 15.5, 0],
			"scale": [1.65, 1.65, 1.65]
		},
		"fixed": {
			"scale": [0.5, 0.5, 0.5]
		}
	}
}