{
    "type": "minecraft:tree",
    "config": {
      "decorators": [
        {
          "type": "minecraft:beehive",
          "probability": 1
        }
      ],
      "dirt_provider": {
        "type": "minecraft:simple_state_provider",
        "state": {
          "Name": "minecraft:dirt"
        }
      },
      "foliage_placer": {
        "type": "minecraft:blob_foliage_placer",
        "height": 3,
        "offset": 0,
        "radius": 2
      },
      "foliage_provider": {
        "type": "minecraft:simple_state_provider",
        "state": {
          "Name": "minecraft:honey_block",
          "Properties": {
            "distance": "7",
            "persistent": "false",
            "waterlogged": "false"
          }
        }
      },
      "force_dirt": false,
      "ignore_vines": true,
      "minimum_size": {
        "type": "minecraft:two_layers_feature_size",
        "limit": 1,
        "lower_size": 0,
        "upper_size": 1
      },
      "trunk_placer": {
        "type": "minecraft:straight_trunk_placer",
        "base_height": 4,
        "height_rand_a": 2,
        "height_rand_b": 0
      },
      "trunk_provider": {
        "type": "minecraft:simple_state_provider",
        "state": {
          "Name": "minecraft:honeycomb_block"
        }
      }
    }
  }