{
  "pools": [
      {
          "rolls": {
              "min": 1,
              "max": 2
          },
          "entries": [
              {
                  "type": "item",
                  "weight": 30,
                  "name": "minecraft:arrow",
                  "functions": [
                      {
                          "function": "set_count",
                          "count": {
                              "min": 2,
                              "max": 7
                          }
                      }
                  ]
              }
          ]
      },
      {
          "rolls": 1,
          "entries": [
              {
                  "type": "loot_table",
                  "weight": 1,
                  "name": "ap-light_sabers:chests/jungle_temple_dispenser"
              }
          ]
      }
  ]
}