{
  "processors": [
    {
      "processor_type": "minecraft:rule",
      "rules": [
        {
          "input_predicate": {
            "block": "minecraft:stone",
            "predicate_type": "minecraft:random_block_match",
            "probability": 0.3
          },
          "location_predicate": {
            "predicate_type": "minecraft:always_true"
          },
          "output_state": {
            "Name": "minecraft:cobblestone"
          }
        }
      ]
    },
    {
      "processor_type": "minecraft:rule",
      "rules": [
        {
          "input_predicate": {
            "block": "minecraft:cobblestone",
            "predicate_type": "minecraft:random_block_match",
            "probability": 0.1
          },
          "location_predicate": {
            "predicate_type": "minecraft:always_true"
          },
          "output_state": {
            "Name": "minecraft:mossy_cobblestone"
          }
        }
      ]
    },
    {
      "processor_type": "minecraft:rule",
      "rules": [
        {
          "input_predicate": {
            "block": "minecraft:stone",
            "predicate_type": "minecraft:random_block_match",
            "probability": 0.3
          },
          "location_predicate": {
            "predicate_type": "minecraft:always_true"
          },
          "output_state": {
            "Name": "minecraft:andesite"
          }
        }
      ]
    }
  ]
}