{
  "parent": "ap-light_sabers:misc/get_broken_vader_helmet",
  "display": {
    "icon": {
      "item": "minecraft:shears",
      "nbt": "{CustomModelData:5}"
    },
    "title": {
      "translate": "\u00a74Be careful not to choke!"
    },
    "description": {
      "translate": "Use the force to choke someone by shift right clicking with a red light saber in your off hand and a vader helmet in your head slot \u00a74[Selects nearby person]"
    },
    "frame": "task",
    "show_toast": true,
    "announce_to_chat": false,
    "hidden": false
  },
  "criteria": {
    "impossible": {
      "trigger": "minecraft:impossible"
    }
  },
  "requirements": [
    [
      "impossible"
    ]
  ]
}