{
    "type": "minecraft:tree",
    "config": {
      "ignore_vines": true,
      "force_dirt": false,
      "minimum_size": {
        "type": "minecraft:two_layers_feature_size",
        "min_clipped_height": 4,
        "limit": 0,
        "lower_size": 0,
        "upper_size": 0
      },
      "dirt_provider": {
        "type": "minecraft:simple_state_provider",
        "state": {
          "Name": "minecraft:dirt"
        }
      },
      "trunk_provider": {
        "type": "minecraft:simple_state_provider",
        "state": {
          "Name": "minecraft:acacia_log",
          "Properties": {
            "axis": "y"
          }
        }
      },
      "foliage_provider": {
        "type": "minecraft:simple_state_provider",
        "state": {
          "Name": "minecraft:yellow_wool",
          "Properties": {
            "persistent": "false",
            "distance": "7"
          }
        }
      },
      "trunk_placer": {
        "type": "minecraft:fancy_trunk_placer",
        "base_height": 3,
        "height_rand_a": 11,
        "height_rand_b": 0
      },
      "foliage_placer": {
        "type": "minecraft:fancy_foliage_placer",
        "radius": 2,
        "offset": 4,
        "height": 4
      },
      "decorators": [
        {
          "type": "minecraft:beehive",
          "probability": 0.05
        }
      ]
    }
  }
  