{
    "display": {
      "icon": {
        "item": "minecraft:diamond_sword",
        "nbt": "{CustomModelData:4}"
      },
      "title": {
        "translate": "advancements.alien-packs.rm_portalgun.find_capsule.title"
      },
      "description": {
        "translate": "advancements.alien-packs.rm_portalgun.find_capsule.description"
      },
      "frame": "task",
      "show_toast": true,
      "announce_to_chat": false,
      "hidden": false
    },
    "parent": "ap-rm_portalgun:liquid_capsule/find_laboratory",
    "criteria": {
      "find_capsule": {
        "trigger": "minecraft:inventory_changed",
        "conditions": {
          "items": [
            {
              "items": [
                "minecraft:diamond_sword"
              ],
              "nbt": "{CustomModelData:4}"
            }
          ]
        }
      }
    },
    "requirements": [
      [
        "find_capsule"
      ]
    ]
  }
  