{
    "display": {
      "icon": {
        "item": "minecraft:diamond_sword",
        "nbt": "{CustomModelData:8}"
      },
      "title": {
        "translate": "advancements.alien-packs.rm_portalgun.get_laser_fluid.title"
      },
      "description": {
        "translate": "advancements.alien-packs.rm_portalgun.get_laser_fluid.description"
      },
      "frame": "goal",
      "show_toast": true,
      "announce_to_chat": false,
      "hidden": false
    },
    "parent": "ap-rm_portalgun:liquid_capsule/get_portal_fluid",
    "criteria": {
      "laser_fluid": {
        "trigger": "minecraft:inventory_changed",
        "conditions": {
          "items": [
            {
              "items": [
                "minecraft:diamond_sword"
              ],
              "nbt": "{CustomModelData:8}"
            }
          ]
        }
      }
    },
    "requirements": [
      [
        "laser_fluid"
      ]
    ]
  }
  