{
  "parent": "minecraft:item/handheld_rod",
  "textures": {
    "layer0": "minecraft:item/warped_fungus_on_a_stick"
  },
  "overrides": [
		{ "predicate": { "custom_model_data": 1 }, "model": "ap-ls_lightsabers:item/anakin_lightsaber_off"},
    { "predicate": { "custom_model_data": 2 }, "model": "ap-ls_lightsabers:item/anakin_lightsaber"},
    { "predicate": { "custom_model_data": 3 }, "model": "ap-ls_lightsabers:item/vader_lightsaber_off"},
    { "predicate": { "custom_model_data": 4 }, "model": "ap-ls_lightsabers:item/vader_lightsaber"},
    { "predicate": { "custom_model_data": 5 }, "model": "ap-ls_lightsabers:item/kylo_ren_lightsaber_off"},
    { "predicate": { "custom_model_data": 6 }, "model": "ap-ls_lightsabers:item/kylo_ren_lightsaber"},
    { "predicate": { "custom_model_data": 7 }, "model": "ap-ls_lightsabers:item/mace_lightsaber_off"},
    { "predicate": { "custom_model_data": 8 }, "model": "ap-ls_lightsabers:item/mace_lightsaber"},
    { "predicate": { "custom_model_data": 9 }, "model": "ap-ls_lightsabers:item/rey_lightsaber_off"},
    { "predicate": { "custom_model_data": 10 }, "model": "ap-ls_lightsabers:item/rey_lightsaber"},
    { "predicate": { "custom_model_data": 11 }, "model": "ap-ls_lightsabers:item/luke_lightsaber_off"},
    { "predicate": { "custom_model_data": 12 }, "model": "ap-ls_lightsabers:item/luke_lightsaber"},


    { "predicate": { "custom_model_data": 13 }, "model": "ap-rm_portalgun:item/portal_gun/ricks_gun/portal_gun_no_fluid"},
    { "predicate": { "custom_model_data": 14 }, "model": "ap-rm_portalgun:item/portal_gun/ricks_gun/portal_gun_fluid_level_3"},
    { "predicate": { "custom_model_data": 15 }, "model": "ap-rm_portalgun:item/portal_gun/ricks_gun/portal_gun_fluid_level_2"},
    { "predicate": { "custom_model_data": 16 }, "model": "ap-rm_portalgun:item/portal_gun/ricks_gun/portal_gun_fluid_level_1"},
    { "predicate": { "custom_model_data": 17 }, "model": "ap-rm_portalgun:item/portal_gun/ricks_gun/portal_gun_fluid_level_0"},
    { "predicate": { "custom_model_data": 18 }, "model": "ap-rm_portalgun:item/portal_gun/ricks_gun/portal_gun_fluid_level_3_selected"},
    { "predicate": { "custom_model_data": 19 }, "model": "ap-rm_portalgun:item/portal_gun/ricks_gun/portal_gun_fluid_level_2_selected"},
    { "predicate": { "custom_model_data": 20 }, "model": "ap-rm_portalgun:item/portal_gun/ricks_gun/portal_gun_fluid_level_1_selected"},
    { "predicate": { "custom_model_data": 21 }, "model": "ap-rm_portalgun:item/portal_gun/ricks_gun/laser_portal_gun_03"},
    { "predicate": { "custom_model_data": 22 }, "model": "ap-rm_portalgun:item/portal_gun/ricks_gun/laser_portal_gun_02"},
    { "predicate": { "custom_model_data": 23 }, "model": "ap-rm_portalgun:item/portal_gun/ricks_gun/laser_portal_gun_01"},

    { "predicate": { "custom_model_data": 24 }, "model": "ap-rm_portalgun:item/portal_gun/broken_gun/portal_gun_full"},

    { "predicate": { "custom_model_data": 25 }, "model": "ap-rm_portalgun:item/coords_device/coords_device"},

    { "predicate": { "custom_model_data": 26 }, "model": "ap-rm_portalgun:item/portal_gun/ricks_old_gun/portal_gun_no_fluid"},
    { "predicate": { "custom_model_data": 27 }, "model": "ap-rm_portalgun:item/portal_gun/ricks_old_gun/portal_gun_fluid_level_3"},
    { "predicate": { "custom_model_data": 28 }, "model": "ap-rm_portalgun:item/portal_gun/ricks_old_gun/portal_gun_fluid_level_2"},
    { "predicate": { "custom_model_data": 29 }, "model": "ap-rm_portalgun:item/portal_gun/ricks_old_gun/portal_gun_fluid_level_1"},
    { "predicate": { "custom_model_data": 30 }, "model": "ap-rm_portalgun:item/portal_gun/ricks_old_gun/portal_gun_fluid_level_0"},
    { "predicate": { "custom_model_data": 31 }, "model": "ap-rm_portalgun:item/portal_gun/ricks_old_gun/portal_gun_fluid_level_3_selected"},
    { "predicate": { "custom_model_data": 32 }, "model": "ap-rm_portalgun:item/portal_gun/ricks_old_gun/portal_gun_fluid_level_2_selected"},
    { "predicate": { "custom_model_data": 33 }, "model": "ap-rm_portalgun:item/portal_gun/ricks_old_gun/portal_gun_fluid_level_1_selected"},  
    { "predicate": { "custom_model_data": 34 }, "model": "ap-rm_portalgun:item/portal_gun/ricks_old_gun/laser_portal_gun_03"},
    { "predicate": { "custom_model_data": 35 }, "model": "ap-rm_portalgun:item/portal_gun/ricks_old_gun/laser_portal_gun_02"},
    { "predicate": { "custom_model_data": 36 }, "model": "ap-rm_portalgun:item/portal_gun/ricks_old_gun/laser_portal_gun_01"},

    { "predicate": { "custom_model_data": 37 }, "model": "ap-rm_portalgun:item/portal_gun/mortys_gun/portal_gun"},

    { "predicate": { "custom_model_data": 38 }, "model": "ap-rm_portalgun:item/portal_gun/ricks_first_gun/portal_gun_no_fluid"},
    { "predicate": { "custom_model_data": 39 }, "model": "ap-rm_portalgun:item/portal_gun/ricks_first_gun/portal_gun_fluid_level_3"},
    { "predicate": { "custom_model_data": 40 }, "model": "ap-rm_portalgun:item/portal_gun/ricks_first_gun/portal_gun_fluid_level_2"},
    { "predicate": { "custom_model_data": 41 }, "model": "ap-rm_portalgun:item/portal_gun/ricks_first_gun/portal_gun_fluid_level_1"},
    { "predicate": { "custom_model_data": 42 }, "model": "ap-rm_portalgun:item/portal_gun/ricks_first_gun/portal_gun_fluid_level_0"},
    { "predicate": { "custom_model_data": 43 }, "model": "ap-rm_portalgun:item/portal_gun/ricks_first_gun/portal_gun_fluid_level_3_selected"},
    { "predicate": { "custom_model_data": 44 }, "model": "ap-rm_portalgun:item/portal_gun/ricks_first_gun/portal_gun_fluid_level_2_selected"},
    { "predicate": { "custom_model_data": 45 }, "model": "ap-rm_portalgun:item/portal_gun/ricks_first_gun/portal_gun_fluid_level_1_selected"},  
    { "predicate": { "custom_model_data": 46 }, "model": "ap-rm_portalgun:item/portal_gun/ricks_first_gun/laser_portal_gun_03"},
    { "predicate": { "custom_model_data": 47 }, "model": "ap-rm_portalgun:item/portal_gun/ricks_first_gun/laser_portal_gun_02"},
    { "predicate": { "custom_model_data": 48 }, "model": "ap-rm_portalgun:item/portal_gun/ricks_first_gun/laser_portal_gun_01"},

    { "predicate": { "custom_model_data": 49 }, "model": "ap-rm_portalgun:item/portal_gun/ricks_gun/mining_portal_gun"},
    { "predicate": { "custom_model_data": 50 }, "model": "ap-rm_portalgun:item/portal_gun/ricks_gun/mining_portal_gun_selected"},
    { "predicate": { "custom_model_data": 51 }, "model": "ap-rm_portalgun:item/portal_gun/ricks_old_gun/mining_portal_gun"},
    { "predicate": { "custom_model_data": 52 }, "model": "ap-rm_portalgun:item/portal_gun/ricks_old_gun/mining_portal_gun_selected"},
    { "predicate": { "custom_model_data": 53 }, "model": "ap-rm_portalgun:item/portal_gun/ricks_first_gun/mining_portal_gun"},
    { "predicate": { "custom_model_data": 54 }, "model": "ap-rm_portalgun:item/portal_gun/ricks_first_gun/mining_portal_gun_selected"}

	]
}