{
	"credit": "Made by Mr3DAlien using Blockbench",
	"texture_size": [64, 64],
	"textures": {
		"0": "ap-rm_portalgun:block/portal_placer",
		"2": "ap-rm_portalgun:misc/portal",
		"particle": "ap-rm_portalgun:misc/portal"
	},
	"elements": [
		{
			"name": "Block",
			"from": [0, 0, 0],
			"to": [16, 16, 16],
			"faces": {
				"north": {"uv": [0, 0, 4, 4], "texture": "#0"},
				"east": {"uv": [0, 4, 4, 8], "texture": "#0"},
				"south": {"uv": [4, 0, 8, 4], "texture": "#0"},
				"west": {"uv": [4, 4, 8, 8], "texture": "#0"},
				"up": {"uv": [4, 12, 0, 8], "texture": "#0"},
				"down": {"uv": [12, 0, 8, 4], "texture": "#0"}
			}
		},
		{
			"name": "Portal",
			"from": [3, 16, 3],
			"to": [13, 16.25, 13],
			"faces": {
				"north": {"uv": [9.5, 0.25, 7, 0], "texture": "#2"},
				"east": {"uv": [9.5, 0.25, 7, 0], "texture": "#2"},
				"south": {"uv": [9.5, 0.25, 7, 0], "texture": "#2"},
				"west": {"uv": [9.5, 0.25, 7, 0], "texture": "#2"},
				"up": {"uv": [9.5, 10, 7, 7.5], "texture": "#2"},
				"down": {"uv": [9.5, 10, 7, 7.5], "texture": "#2"}
			}
		},
		{
			"from": [2, 16, 2],
			"to": [14, 17, 3],
			"faces": {
				"north": {"uv": [4, 8, 7, 8.25], "texture": "#0"},
				"east": {"uv": [4, 8, 4.25, 8.25], "texture": "#0"},
				"south": {"uv": [4, 8, 7, 8.25], "texture": "#0"},
				"west": {"uv": [6.75, 8, 7, 8.25], "texture": "#0"},
				"up": {"uv": [4, 8, 7, 8.25], "texture": "#0"},
				"down": {"uv": [4, 8, 7, 8.25], "texture": "#0"}
			}
		},
		{
			"from": [2, 16, 13],
			"to": [14, 17, 14],
			"faces": {
				"north": {"uv": [4, 8, 7, 8.25], "texture": "#0"},
				"east": {"uv": [4, 8, 4.25, 8.25], "texture": "#0"},
				"south": {"uv": [4, 8, 7, 8.25], "texture": "#0"},
				"west": {"uv": [6.75, 8, 7, 8.25], "texture": "#0"},
				"up": {"uv": [4, 8, 7, 8.25], "texture": "#0"},
				"down": {"uv": [4, 8, 7, 8.25], "texture": "#0"}
			}
		},
		{
			"from": [2, 16, 3],
			"to": [3, 17, 13],
			"faces": {
				"north": {"uv": [6.75, 8.25, 7, 8.5], "rotation": 90, "texture": "#0"},
				"east": {"uv": [6.75, 8.25, 7, 10.75], "rotation": 90, "texture": "#0"},
				"south": {"uv": [6.75, 8.25, 7, 8.5], "rotation": 90, "texture": "#0"},
				"west": {"uv": [6.75, 8.25, 7, 10.75], "rotation": 90, "texture": "#0"},
				"up": {"uv": [6.75, 8.25, 7, 10.75], "texture": "#0"},
				"down": {"uv": [6.75, 8.25, 7, 10.75], "texture": "#0"}
			}
		},
		{
			"from": [13, 16, 3],
			"to": [14, 17, 13],
			"faces": {
				"north": {"uv": [6.75, 8.25, 7, 8.5], "rotation": 90, "texture": "#0"},
				"east": {"uv": [6.75, 8.25, 7, 10.75], "rotation": 90, "texture": "#0"},
				"south": {"uv": [6.75, 8.25, 7, 8.5], "rotation": 90, "texture": "#0"},
				"west": {"uv": [6.75, 8.25, 7, 10.75], "rotation": 90, "texture": "#0"},
				"up": {"uv": [6.75, 8.25, 7, 10.75], "texture": "#0"},
				"down": {"uv": [6.75, 8.25, 7, 10.75], "texture": "#0"}
			}
		}
	],
	"display": {
		"thirdperson_righthand": {
			"rotation": [75, 45, 0],
			"translation": [0, 2.5, 0],
			"scale": [0.375, 0.375, 0.375]
		},
		"thirdperson_lefthand": {
			"rotation": [75, 45, 0],
			"translation": [0, 2.5, 0],
			"scale": [0.375, 0.375, 0.375]
		},
		"firstperson_righthand": {
			"rotation": [0, 45, 0],
			"scale": [0.4, 0.4, 0.4]
		},
		"firstperson_lefthand": {
			"rotation": [0, 225, 0],
			"scale": [0.4, 0.4, 0.4]
		},
		"ground": {
			"translation": [0, 3, 0],
			"scale": [0.25, 0.25, 0.25]
		},
		"gui": {
			"rotation": [30, 225, 0],
			"scale": [0.625, 0.625, 0.625]
		},
		"fixed": {
			"scale": [0.5, 0.5, 0.5]
		}
	},
	"groups": [
		{
			"name": "PortalPlacer",
			"origin": [0, 0, 0],
			"color": 0,
			"children": [0, 1, 2, 3, 4, 5]
		}
	]
}