{
  "display": {
    "icon": {
      "item": "minecraft:diamond_sword",
      "nbt": "{CustomModelData:19}"
    },
    "title": {
      "translate": "advancements.alien-packs.rm_portalgun.find_laboratory.title"
    },
    "description": {
      "translate": "advancements.alien-packs.rm_portalgun.find_laboratory.description"
    },
    "frame": "task",
    "show_toast": true,
    "announce_to_chat": false,
    "hidden": false
  },
  "parent": "ap-rm_portalgun:root",
  "criteria": {
    "find_35-c_laboratory": {
      "trigger": "minecraft:location",
      "conditions": {
        "player": [
          {
            "condition": "minecraft:location_check",
            "predicate": {
              "structure": "ap-rm_portalgun:35-c/laboratory"
            }
          }
        ]
      }
    },
    "find_bee_world_laboratory": {
      "trigger": "minecraft:location",
      "conditions": {
        "player": [
          {
            "condition": "minecraft:location_check",
            "predicate": {
              "structure": "ap-rm_portalgun:bee_world/laboratory"
            }
          }
        ]
      }
    },
    "find_chess_world_laboratory": {
      "trigger": "minecraft:location",
      "conditions": {
        "player": [
          {
            "condition": "minecraft:location_check",
            "predicate": {
              "structure": "ap-rm_portalgun:chess_world/chess_white/laboratory"
            }
          }
        ]
      }
    },
    "find_desert_word_laboratory": {
      "trigger": "minecraft:location",
      "conditions": {
        "player": [
          {
            "condition": "minecraft:location_check",
            "predicate": {
              "structure": "ap-rm_portalgun:desert_world/laboratory"
            }
          }
        ]
      }
    },
    "find_doopidoo_dimension_laboratory": {
      "trigger": "minecraft:location",
      "conditions": {
        "player": [
          {
            "condition": "minecraft:location_check",
            "predicate": {
              "structure": "ap-rm_portalgun:doopidoo_dimension/laboratory"
            }
          }
        ]
      }
    },
    "find_endless_forest_laboratory": {
      "trigger": "minecraft:location",
      "conditions": {
        "player": [
          {
            "condition": "minecraft:location_check",
            "predicate": {
              "structure": "ap-rm_portalgun:endless_forest/laboratory"
            }
          }
        ]
      }
    },
    "find_froopyland_laboratory": {
      "trigger": "minecraft:location",
      "conditions": {
        "player": [
          {
            "condition": "minecraft:location_check",
            "predicate": {
              "structure": "ap-rm_portalgun:froopyland/laboratory"
            }
          }
        ]
      }
    },
    "find_glass_world_laboratory": {
      "trigger": "minecraft:location",
      "conditions": {
        "player": [
          {
            "condition": "minecraft:location_check",
            "predicate": {
              "structure": "ap-rm_portalgun:glass_world/laboratory"
            }
          }
        ]
      }
    },
    "find_hell_world_laboratory": {
      "trigger": "minecraft:location",
      "conditions": {
        "player": [
          {
            "condition": "minecraft:location_check",
            "predicate": {
              "structure": "ap-rm_portalgun:hell_world/laboratory"
            }
          }
        ]
      }
    },
    "find_overworld_laboratory": {
      "trigger": "minecraft:location",
      "conditions": {
        "player": [
          {
            "condition": "minecraft:location_check",
            "predicate": {
              "structure": "ap-rm_portalgun:overworld/laboratory"
            }
          }
        ]
      }
    },
    "find_village_world_laboratory": {
      "trigger": "minecraft:location",
      "conditions": {
        "player": [
          {
            "condition": "minecraft:location_check",
            "predicate": {
              "structure": "ap-rm_portalgun:village_world/laboratory"
            }
          }
        ]
      }
    },
    "find_warped_world_laboratory": {
      "trigger": "minecraft:location",
      "conditions": {
        "player": [
          {
            "condition": "minecraft:location_check",
            "predicate": {
              "structure": "ap-rm_portalgun:warped_world/laboratory"
            }
          }
        ]
      }
    }
  },
  "requirements": [
    [
      "find_35-c_laboratory",
      "find_bee_world_laboratory",
      "find_chess_world_laboratory",
      "find_desert_word_laboratory",
      "find_doopidoo_dimension_laboratory",
      "find_endless_forest_laboratory",
      "find_froopyland_laboratory",
      "find_glass_world_laboratory",
      "find_hell_world_laboratory",
      "find_overworld_laboratory",
      "find_village_world_laboratory",
      "find_warped_world_laboratory"
    ]
  ]
}
