{
  "display": {
    "icon": {
      "item": "minecraft:shears",
      "nbt": "{CustomModelData:1}"
    },
    "title": {
      "translate": "advancements.alien-packs.base.tutorial.root.title"
    },
    "description": {
      "translate": "advancements.alien-packs.base.tutorial.root.description"
    },
    "frame": "task",
    "show_toast": false,
    "announce_to_chat": false,
    "hidden": false,
    "background": "ap-base:textures/advancement/background.png"
  },
  "criteria": {
    "crafting_table": {
      "trigger": "minecraft:inventory_changed",
      "conditions": {
        "items": [
          {
            "items": [
              "minecraft:crafting_table"
            ]
          }
        ]
      }
    }
  },
  "requirements": [
    [
      "crafting_table"
    ]
  ]
}