{
  "parent": "ap-light_sabers:light_sabers/get_kylo_saber",
  "display": {
    "icon": {
      "item": "minecraft:warped_fungus_on_a_stick",
      "nbt": "{CustomModelData:9}"
    },
    "title": {
      "translate": "\u00a7e\u00a7oBe with me."
    },
    "description": {
      "translate": "Aquire yourself a rey light saber. \u00a74[Can mostly be found in pyramids]"
    },
    "frame": "task",
    "show_toast": true,
    "announce_to_chat": false,
    "hidden": false
  },
  "criteria": {
    "warped_fungus_on_a_stick": {
      "trigger": "minecraft:inventory_changed",
      "conditions": {
        "items": [
          {
            "items": [
              "minecraft:warped_fungus_on_a_stick"
            ],
            "nbt": "{CustomModelData:9}"
          }
        ]
      }
    }
  },
  "requirements": [
    [
      "warped_fungus_on_a_stick"
    ]
  ]
}