{
	"credit": "Made by Mr3DAlien using Blockbench",
	"texture_size": [32, 32],
	"textures": {
		"0": "ap-rm_portalgun:item/portal_gun/mortys_gun/deactivated",
		"1": "ap-rm_portalgun:item/portal_gun/mortys_gun/portal_fluid_level",
		"particle": "ap-rm_portalgun:item/portal_gun/mortys_gun/deactivated"
	},
	"elements": [
		{
			"from": [7, 0, 4],
			"to": [9, 5, 6],
			"rotation": {"angle": 22.5, "axis": "x", "origin": [8, 0, 6]},
			"faces": {
				"north": {"uv": [5.5, 2, 6.5, 4.5], "texture": "#0"},
				"east": {"uv": [5.5, 4.5, 6.5, 7], "texture": "#0"},
				"south": {"uv": [4, 6, 5, 8.5], "texture": "#0"},
				"west": {"uv": [0, 6.5, 1, 9], "texture": "#0"},
				"up": {"uv": [3, 8.5, 2, 7.5], "texture": "#0"},
				"down": {"uv": [8.5, 6.5, 7.5, 7.5], "texture": "#0"}
			}
		},
		{
			"from": [6, 4, 3],
			"to": [10, 6, 9],
			"rotation": {"angle": 0, "axis": "y", "origin": [0, 0, 1]},
			"faces": {
				"north": {"uv": [1, 6.5, 3, 7.5], "texture": "#0"},
				"east": {"uv": [4, 0, 7, 1], "texture": "#0"},
				"south": {"uv": [6.5, 2, 8.5, 3], "texture": "#0"},
				"west": {"uv": [4, 1, 7, 2], "texture": "#0"},
				"up": {"uv": [2, 3, 0, 0], "texture": "#0"},
				"down": {"uv": [4, 0, 2, 3], "texture": "#0"}
			}
		},
		{
			"from": [7, 6, 4],
			"to": [9, 7.5, 5],
			"rotation": {"angle": 0, "axis": "y", "origin": [0, 0, 1]},
			"faces": {
				"north": {"uv": [5, 7, 6, 8], "texture": "#0"},
				"east": {"uv": [5, 6, 5.5, 7], "texture": "#0"},
				"south": {"uv": [1, 7.5, 2, 8.5], "texture": "#0"},
				"west": {"uv": [3, 8, 3.5, 9], "texture": "#0"},
				"up": {"uv": [6, 8.5, 5, 8], "texture": "#0"},
				"down": {"uv": [7, 8, 6, 8.5], "texture": "#0"}
			}
		},
		{
			"from": [7, 6, 6],
			"to": [9, 7, 7],
			"rotation": {"angle": 0, "axis": "y", "origin": [0, 0, 1]},
			"faces": {
				"north": {"uv": [7, 8, 8, 8.5], "texture": "#0"},
				"east": {"uv": [6, 7, 6.5, 7.5], "texture": "#0"},
				"south": {"uv": [8, 7.5, 9, 8], "texture": "#0"},
				"west": {"uv": [3.5, 8, 4, 8.5], "texture": "#0"},
				"up": {"uv": [9, 8.5, 8, 8], "texture": "#0"},
				"down": {"uv": [2, 8.5, 1, 9], "texture": "#0"}
			}
		},
		{
			"from": [7, 6, 5],
			"to": [9, 7, 6],
			"rotation": {"angle": 0, "axis": "y", "origin": [0, 0, 1]},
			"faces": {
				"north": {"uv": [2, 8.5, 3, 9], "texture": "#0"},
				"east": {"uv": [1, 9, 1.5, 9.5], "texture": "#0"},
				"south": {"uv": [8.5, 2, 9.5, 2.5], "texture": "#0"},
				"west": {"uv": [9, 1, 9.5, 1.5], "texture": "#0"},
				"up": {"uv": [9.5, 3, 8.5, 2.5], "texture": "#0"},
				"down": {"uv": [4.5, 8.5, 3.5, 9], "texture": "#0"}
			}
		},
		{
			"from": [7, 5, 8],
			"to": [9, 6, 10],
			"rotation": {"angle": -45, "axis": "x", "origin": [8, 6, 8]},
			"faces": {
				"north": {"uv": [8, 8.5, 9, 9], "texture": "#0"},
				"east": {"uv": [0, 9, 1, 9.5], "texture": "#0"},
				"south": {"uv": [9, 0, 10, 0.5], "texture": "#0"},
				"west": {"uv": [9, 0.5, 10, 1], "texture": "#0"},
				"up": {"uv": [9, 1, 8, 0], "texture": "#0"},
				"down": {"uv": [9, 1, 8, 2], "texture": "#0"}
			}
		},
		{
			"from": [6, 3.8, 9],
			"to": [10, 7.8, 12],
			"rotation": {"angle": 0, "axis": "y", "origin": [0, 0, 1]},
			"faces": {
				"north": {"uv": [0, 3, 2, 5], "texture": "#0"},
				"east": {"uv": [4, 2, 5.5, 4], "texture": "#0"},
				"south": {"uv": [2, 3, 4, 5], "texture": "#0"},
				"west": {"uv": [4, 4, 5.5, 6], "texture": "#0"},
				"up": {"uv": [2, 6.5, 0, 5], "texture": "#0"},
				"down": {"uv": [4, 5, 2, 6.5], "texture": "#0"}
			}
		},
		{
			"from": [9, 4.8, 12],
			"to": [10, 6.8, 12.5],
			"rotation": {"angle": 0, "axis": "y", "origin": [0, 0, 1]},
			"faces": {
				"north": {"uv": [4.5, 8.5, 5, 9.5], "texture": "#0"},
				"east": {"uv": [5, 8.5, 5.5, 9.5], "texture": "#0"},
				"south": {"uv": [5.5, 8.5, 6, 9.5], "texture": "#0"},
				"west": {"uv": [6, 8.5, 6.5, 9.5], "texture": "#0"},
				"up": {"uv": [2, 9.5, 1.5, 9], "texture": "#0"},
				"down": {"uv": [9.5, 1.5, 9, 2], "texture": "#0"}
			}
		},
		{
			"from": [6, 4.8, 12],
			"to": [7, 6.8, 12.5],
			"rotation": {"angle": 0, "axis": "y", "origin": [0, 0, 1]},
			"faces": {
				"north": {"uv": [6.5, 8.5, 7, 9.5], "texture": "#0"},
				"east": {"uv": [8.5, 6.5, 9, 7.5], "texture": "#0"},
				"south": {"uv": [7, 8.5, 7.5, 9.5], "texture": "#0"},
				"west": {"uv": [7.5, 8.5, 8, 9.5], "texture": "#0"},
				"up": {"uv": [2.5, 9.5, 2, 9], "texture": "#0"},
				"down": {"uv": [3, 9, 2.5, 9.5], "texture": "#0"}
			}
		},
		{
			"from": [6, 3.8, 12],
			"to": [10, 4.8, 12.5],
			"rotation": {"angle": 0, "axis": "y", "origin": [0, 0, 1]},
			"faces": {
				"north": {"uv": [7.5, 3, 9.5, 3.5], "texture": "#0"},
				"east": {"uv": [3, 9, 3.5, 9.5], "texture": "#0"},
				"south": {"uv": [7.5, 3.5, 9.5, 4], "texture": "#0"},
				"west": {"uv": [3.5, 9, 4, 9.5], "texture": "#0"},
				"up": {"uv": [9.5, 4.5, 7.5, 4], "texture": "#0"},
				"down": {"uv": [9.5, 4.5, 7.5, 5], "texture": "#0"}
			}
		},
		{
			"from": [6, 6.8, 12],
			"to": [10, 7.8, 12.5],
			"rotation": {"angle": 0, "axis": "y", "origin": [0, 0, 1]},
			"faces": {
				"north": {"uv": [7.5, 5, 9.5, 5.5], "texture": "#0"},
				"east": {"uv": [4, 9, 4.5, 9.5], "texture": "#0"},
				"south": {"uv": [7.5, 5.5, 9.5, 6], "texture": "#0"},
				"west": {"uv": [9, 6.5, 9.5, 7], "texture": "#0"},
				"up": {"uv": [8, 8, 6, 7.5], "texture": "#0"},
				"down": {"uv": [9.5, 6, 7.5, 6.5], "texture": "#0"}
			}
		},
		{
			"from": [7.5, 5.3, 12],
			"to": [8.5, 6.3, 13],
			"rotation": {"angle": 0, "axis": "y", "origin": [0, 0, 1]},
			"faces": {
				"north": {"uv": [9, 7, 9.5, 7.5], "texture": "#0"},
				"east": {"uv": [9, 7.5, 9.5, 8], "texture": "#0"},
				"south": {"uv": [8, 9, 8.5, 9.5], "texture": "#0"},
				"west": {"uv": [9, 8, 9.5, 8.5], "texture": "#0"},
				"up": {"uv": [9, 9.5, 8.5, 9], "texture": "#0"},
				"down": {"uv": [9.5, 8.5, 9, 9], "texture": "#0"}
			}
		},
		{
			"name": "capsule",
			"from": [7, 6, 8],
			"to": [9, 9, 10],
			"rotation": {"angle": -45, "axis": "x", "origin": [8, 6, 8]},
			"faces": {
				"north": {"uv": [0, 0, 2, 3], "texture": "#1"},
				"east": {"uv": [0, 0, 2, 3], "texture": "#1"},
				"south": {"uv": [0, 0, 2, 3], "texture": "#1"},
				"west": {"uv": [0, 0, 2, 3], "texture": "#1"},
				"up": {"uv": [0, 0, 2, 2], "texture": "#1"},
				"down": {"uv": [0, 1, 2, 3], "texture": "#1"}
			}
		}
	],
	"display": {
		"thirdperson_righthand": {
			"rotation": [-168.75, 0.15, -180],
			"translation": [0, 4.75, 0.5],
			"scale": [0.8, 0.8, 0.8]
		},
		"thirdperson_lefthand": {
			"rotation": [-168.75, 0.15, -180],
			"translation": [0, 4.75, 0.5],
			"scale": [0.8, 0.8, 0.8]
		},
		"firstperson_righthand": {
			"rotation": [180, 2.5, 180],
			"translation": [0, 6.75, 0]
		},
		"firstperson_lefthand": {
			"rotation": [180, 2.5, 180],
			"translation": [0, 6.75, 0]
		},
		"ground": {
			"translation": [0, 3, 0],
			"scale": [0.5, 0.5, 0.5]
		},
		"gui": {
			"rotation": [30, 225, 0],
			"translation": [0, 3, 0],
			"scale": [1.1, 1.1, 1.1]
		},
		"fixed": {
			"rotation": [0, 90, 0],
			"translation": [0, 2.75, 0]
		}
	},
	"groups": [
		{
			"name": "gun",
			"origin": [8, 8, 8],
			"color": 0,
			"children": [0, 1, 2, 3, 4, 5, 6, 7, 8, 9, 10, 11]
		},
		12
	]
}