{
    "pools": [
      {
        "rolls": {
          "min": 8,
          "max": 10
        },
        "bonus_rolls": 0,
        "entries": [
          {
            "type": "minecraft:item",
            "weight": 5,
            "name": "minecraft:gold_nugget"
          },
          {
            "type": "minecraft:item",
            "weight": 5,
            "name": "minecraft:iron_nugget"
          }
        ]
      },
      {
        "rolls": {
          "min": 1,
          "max": 3
        },
        "bonus_rolls": 0,
        "entries": [
          {
            "type": "minecraft:item",
            "name": "minecraft:copper_ingot"
          },
          {
            "type": "minecraft:item",
            "name": "minecraft:iron_ingot"
          },
          {
            "type": "minecraft:item",
            "name": "minecraft:gold_ingot"
          }
        ]
      },
      {
        "rolls": {
          "min": 2,
          "max": 3
        },
        "entries": [
          {
            "type": "minecraft:item",
            "name": "minecraft:bone"
          },
          {
            "type": "minecraft:item",
            "name": "minecraft:rotten_flesh"
          }
        ]
      },
      {
        "rolls": {
          "min": 1,
          "max": 2
        },
        "entries": [
          {
            "type": "minecraft:item",
            "weight": 3,
            "name": "minecraft:diamond",
            "functions": [
              {
                "function": "minecraft:set_count",
                "count": {
                  "min": 1,
                  "max": 2
                }
              }
            ]
          },
          {
            "type": "minecraft:item",
            "weight": 4,
            "name": "minecraft:emerald",
            "functions": [
              {
                "function": "minecraft:set_count",
                "count": {
                  "min": 1,
                  "max": 3
                }
              }
            ]
          },
          {
            "type": "minecraft:empty",
            "weight": 5
          }
        ]
      },
      {
        "rolls": 1,
        "entries": [
          {
            "type": "minecraft:empty",
            "weight": 20
          },
          {
            "type": "minecraft:loot_table",
            "weight": 5,
            "name": "ap-cj_customjukebox:chests/rm_portalgun/what_could_have_been"
          }
        ]
      }
    ]
  }
  