{
  "pools": [
    {
      "rolls": {
        "min": 1,
        "max": 12
      },
      "entries": [
        {
          "type": "minecraft:item",
          "name": "minecraft:stone",
          "functions": [
            {
              "function": "minecraft:set_nbt",
              "tag": "{RMPortalSelectItem:1b}"
            },
            {
              "function": "minecraft:set_count",
              "count": 0
            }
          ]
        }
      ]
    }
  ]
}
