{
    "name": "ap-rm_portalgun:warped_world/small_house/outside_barrel",
    "fallback": "minecraft:empty",
    "elements": [
        {
            "weight": 1,
            "element": {
                "location": "ap-rm_portalgun:warped_world/small_house/barrel",
                "processors": "minecraft:empty",
                "projection": "rigid",
                "element_type": "single_pool_element"
            }
        },
        {
            "weight": 2,
            "element": {
                "location": "ap-rm_portalgun:warped_world/small_house/lantern_table",
                "processors": "minecraft:empty",
                "projection": "rigid",
                "element_type": "single_pool_element"
            }
        }
    ]
}