{
  "feature": "ap-rm_portalgun:the_abyss/ore_coal_block",
  "placement": [
    {
      "type": "minecraft:count",
      "count": 90
    },
    {
      "type": "minecraft:in_square"
    },
    {
      "type": "minecraft:height_range",
      "height": {
        "type": "minecraft:trapezoid",
        "max_inclusive": {
          "absolute": 384
        },
        "min_inclusive": {
          "absolute": 80
        }
      }
    },
    {
      "type": "minecraft:biome"
    }
  ]
}