{
    "pools": [
      {
        "rolls": {
          "min": 4,
          "max": 8
        },
        "entries": [
          {
            "type": "minecraft:item",
            "name": "minecraft:purple_dye"
          },
          {
            "type": "minecraft:item",
            "name": "minecraft:blue_dye",
            "functions": [
              {
                "function": "minecraft:set_count",
                "count": {
                  "min": 1,
                  "max": 8
                }
              }
            ]
          },
          {
            "type": "minecraft:item",
            "name": "minecraft:lime_dye",
            "functions": [
              {
                "function": "minecraft:set_count",
                "count": {
                  "min": 1,
                  "max": 8
                }
              }
            ]
          },
          {
            "type": "minecraft:item",
            "name": "minecraft:yellow_dye",
            "functions": [
              {
                "function": "minecraft:set_count",
                "count": {
                  "min": 1,
                  "max": 8
                }
              }
            ]
          },
          {
            "type": "minecraft:item",
            "name": "minecraft:orange_dye",
            "functions": [
              {
                "function": "minecraft:set_count",
                "count": {
                  "min": 1,
                  "max": 8
                }
              }
            ]
          },
          {
            "type": "minecraft:item",
            "name": "minecraft:purple_dye",
            "functions": [
              {
                "function": "minecraft:set_count",
                "count": {
                  "min": 1,
                  "max": 8
                }
              }
            ]
          }
        ]
      },
      {
        "rolls": 1,
        "entries": [
          {
            "type": "minecraft:item",
            "weight": 1,
            "name": "minecraft:player_head",
            "functions": [
              {
                "function": "minecraft:fill_player_head",
                "entity": "this"
              }
            ]
          },
          {
            "type": "minecraft:empty",
            "weight": 8
          }
        ]
      },
      {
        "rolls": 1,
        "entries": [
          {
            "type": "minecraft:loot_table",
            "weight": 25,
            "name": "ap-cj_customjukebox:chests/rm_portalgun/at_the_end_of_the_day"
          },
          {
            "type": "minecraft:empty",
            "weight": 50
          }
        ]
      }
    ]
  }
  