{
    "pools": [
      {
        "rolls": 8,
        "bonus_rolls": 16,
        "entries": [
          {
            "type": "minecraft:item",
            "weight": 5,
            "name": "minecraft:light_gray_stained_glass",
            "functions": [
              {
                "function": "minecraft:set_count",
                "count": {
                  "min": 1,
                  "max": 8
                }
              }
            ]
          },
          {
            "type": "minecraft:item",
            "weight": 5,
            "name": "minecraft:green_stained_glass",
            "functions": [
              {
                "function": "minecraft:set_count",
                "count": {
                  "min": 1,
                  "max": 8
                }
              }
            ]
          },
          {
            "type": "minecraft:item",
            "weight": 5,
            "name": "minecraft:brown_stained_glass",
            "functions": [
              {
                "function": "minecraft:set_count",
                "count": {
                  "min": 1,
                  "max": 8
                }
              }
            ]
          },
          {
            "type": "minecraft:item",
            "weight": 1,
            "name": "minecraft:light_blue_stained_glass",
            "functions": [
              {
                "function": "minecraft:set_count",
                "count": {
                  "min": 1,
                  "max": 3
                }
              }
            ]
          }
        ]
      },
      {
        "rolls": 1,
        "entries": [
          {
            "type": "minecraft:empty",
            "weight": 50
          },
          {
            "type": "minecraft:loot_table",
            "weight": 25,
            "name": "ap-cj_customjukebox:chests/rm_portalgun/howling_peaks"
          }
        ]
      }
    ]
  }
  