{
    "pools": [
      {
        "rolls": 8,
        "bonus_rolls": 24,
        "entries": [
          {
            "type": "minecraft:item",
            "weight": 3,
            "name": "minecraft:gold_ingot"
          },
          {
            "type": "minecraft:item",
            "weight": 12,
            "name": "minecraft:gold_nugget"
          },
          {
            "type": "minecraft:item",
            "weight": 10,
            "name": "minecraft:iron_nugget"
          }
        ]
      },
      {
        "rolls": {
          "min": 1,
          "max": 2
        },
        "entries": [
          {
            "type": "minecraft:item",
            "weight": 32,
            "name": "minecraft:golden_apple"
          },
          {
            "type": "minecraft:item",
            "weight": 1,
            "name": "minecraft:enchanted_golden_apple"
          },
          {
            "type": "minecraft:empty",
            "weight": 16
          }
        ]
      },
      {
        "rolls": 1,
        "entries": [
          {
            "type": "minecraft:item",
            "weight": 10,
            "name": "minecraft:magma_cream",
            "functions": [
              {
                "function": "minecraft:set_count",
                "count": {
                  "min": 1,
                  "max": 8
                }
              }
            ]
          },
          {
            "type": "minecraft:empty",
            "weight": 1
          }
        ]
      },
      {
        "rolls": 1,
        "bonus_rolls": 2,
        "entries": [
          {
            "type": "minecraft:item",
            "weight": 10,
            "name": "minecraft:chain",
            "functions": [
              {
                "function": "minecraft:set_count",
                "count": {
                  "min": 1,
                  "max": 8
                }
              }
            ]
          },
          {
            "type": "minecraft:empty",
            "weight": 2
          }
        ]
      },
      {
        "rolls": 1,
        "entries": [
          {
            "type": "minecraft:item",
            "weight": 1,
            "name": "minecraft:netherite_ingot"
          },
          {
            "type": "minecraft:empty",
            "weight": 30
          },
          {
            "type": "minecraft:item",
            "weight": 1,
            "name": "minecraft:netherite_scrap",
            "functions": [
              {
                "function": "minecraft:set_count",
                "count": {
                  "min": 1,
                  "max": 4
                }
              }
            ]
          }
        ]
      },
      {
        "rolls": 1,
        "entries": [
          {
            "type": "minecraft:empty",
            "weight": 50
          },
          {
            "type": "minecraft:loot_table",
            "weight": 10,
            "name": "ap-cj_customjukebox:chests/rm_portalgun/that_day"
          }
        ]
      }
    ]
  }
  