{
  "pools": [
    {
      "rolls": 8,
      "bonus_rolls": 24,
      "entries": [
        {
          "type": "minecraft:item",
          "weight": 20,
          "name": "minecraft:bone"
        },
        {
          "type": "minecraft:item",
          "weight": 10,
          "name": "minecraft:gunpowder"
        },
        {
          "type": "minecraft:item",
          "weight": 5,
          "name": "minecraft:sand"
        }
      ]
    },
    {
      "rolls": {
        "min": 1,
        "max": 3
      },
      "bonus_rolls": 0,
      "entries": [
        {
          "type": "minecraft:item",
          "name": "minecraft:gold_ingot",
          "functions": [
            {
              "function": "minecraft:set_count",
              "count": {
                "min": 1,
                "max": 4
              }
            }
          ]
        },
        {
          "type": "minecraft:item",
          "name": "minecraft:diamond",
          "functions": [
            {
              "function": "minecraft:set_count",
              "count": {
                "min": 1,
                "max": 2
              }
            }
          ]
        }
      ]
    },
    {
      "rolls": 1,
      "entries": [
        {
          "type": "minecraft:item",
          "weight": 1,
          "name": "minecraft:skeleton_skull"
        },
        {
          "type": "minecraft:empty",
          "weight": 1
        }
      ]
    },
    {
      "rolls": 1,
      "entries": [
        {
          "type": "minecraft:loot_table",
          "weight": 1,
          "name": "ap-cj_customjukebox:chests/rm_portalgun/house_of_madness"
        },
        {
          "type": "minecraft:empty",
          "weight": 20
        }
      ]
    }
  ]
}
